Beach Name,Measurement Timestamp,Water Temperature,Turbidity,Wave Height,Wave Period,Battery Life,UMAP-0,UMAP-1,UMAP-2
1,1442829600,0,0,0,-1,-1,15.166746,6.22448,2.6390643
3,1405976400,1,0,-1,-1,0,-3.1162271,3.426542,9.721888
3,1402369200,-1,0,0,-1,1,5.0168514,3.7900882,0.803508
3,1562630400,1,0,0,-1,0,8.537372,1.7001768,1.6219432
1,1440061200,-1,0,-1,-1,1,4.3093553,13.228884,10.760012
1,1406872800,0,0,-1,3,0,12.090173,13.305557,2.0912993
0,1403629200,1,0,-1,0,0,0.7781251,-5.4844656,4.6790557
0,1437696000,1,0,-1,3,0,7.2752066,6.9635625,4.0172715
5,1405944000,0,0,-1,-1,0,14.432253,0.47583118,5.655958
3,1408251600,1,0,-1,-1,-1,-0.36255705,8.606686,5.2222743
1,1432540800,-1,0,-1,-1,0,4.796657,15.291072,2.513097
3,1559304000,-1,0,-1,0,0,8.220904,-1.8436726,1.2041849
1,1401562800,0,0,0,-1,1,5.4619823,10.572493,0.3597723
3,1472342400,0,0,-1,-1,1,2.1915789,2.0172584,2.8063288
5,1442181600,0,0,0,0,1,8.669128,5.5773044,3.8822896
2,1434772800,-1,0,1,0,-1,10.266074,8.772952,7.02731
0,1404417600,0,0,0,0,0,3.7821033,-3.8870695,6.8995476
2,1438398000,1,0,0,-1,-1,8.661533,14.588167,5.423718
2,1407945600,1,0,1,1,0,5.8533196,-5.0344257,-1.5231227
2,1407711600,1,0,2,0,0,6.975295,3.3678596,12.521726
5,1443513600,0,0,4,0,0,11.90255,4.409242,5.2543135
2,1472695200,1,0,4,0,0,6.485904,-3.7488043,0.30596972
3,1468861200,1,0,-1,-1,0,-0.7928939,9.05142,4.0122957
4,1434740400,-1,0,2,-1,-1,-5.9695373,2.3960843,1.1169149
1,1405926000,1,0,-1,3,1,10.234215,6.805067,-2.4136813
3,1625839200,1,0,1,0,1,8.038063,9.011064,3.031098
3,1497852000,-1,0,0,-1,-2,1.1700398,1.4506917,12.951207
4,1406494800,0,0,1,0,0,3.2917304,-4.250056,7.4690185
5,1435852800,0,0,3,0,0,-0.47653076,13.051172,3.9252527
2,1470009600,1,0,1,0,-1,4.429836,10.691908,10.697972
1,1465754400,-1,0,1,0,0,2.7261846,8.802487,8.363001
5,1441670400,0,0,-1,0,1,-2.049454,11.128916,7.810807
5,1436205600,0,0,-1,0,0,3.3887985,5.004516,-1.920757
1,1439528400,1,0,-1,4,2,7.544835,12.809359,-2.2865307
4,1409119200,1,0,0,2,-2,-0.9780888,9.222198,14.244819
5,1439625600,1,0,0,0,0,2.8615217,-4.928379,-0.19344427
3,1501110000,1,0,0,-1,1,3.200458,1.4770999,-3.5942333
1,1468508400,1,0,0,-1,0,3.5398247,2.313446,8.447841
2,1464717600,-1,0,0,-1,1,5.966331,2.2036414,9.091992
3,1560024000,-1,0,0,-1,-1,8.608593,1.8519253,0.08121014
5,1435636800,-1,0,-1,1,0,8.122948,11.94344,-4.953138
3,1622206800,-2,0,5,2,0,6.3055286,6.269698,8.88224
0,1438351200,1,0,0,-1,-1,10.816228,-0.11281828,-3.1267447
2,1408744800,1,0,-1,0,-1,13.103876,-4.306471,7.6378613
2,1437033600,0,0,1,0,0,12.372957,9.00296,-1.5438036
2,1468328400,1,0,-1,-1,1,4.046751,-0.056622487,-2.6300342
1,1406548800,0,0,1,3,0,7.837411,1.0107244,-6.266408
3,1406750400,1,0,0,-1,0,2.6665053,-1.2959986,15.04693
3,1560859200,-1,0,-1,0,0,6.0237646,2.0966742,2.1191156
3,1497708000,-1,0,0,-1,-2,3.60246,1.2563844,10.850152
2,1432306800,-2,0,1,-1,1,3.034403,-4.4473395,8.888054
2,1401876000,-1,0,0,-1,1,7.9029307,11.355244,4.985473
2,1436515200,-1,0,0,-1,0,3.4668188,-5.5830817,0.72752583
2,1434085200,-1,0,1,1,-1,-1.3143754,-0.5566917,6.0107245
3,1498492800,0,0,0,-1,1,3.0557177,6.7844543,7.179032
2,1469286000,1,0,0,0,0,2.9107032,4.4559927,6.0870795
5,1404165600,-1,0,0,-1,0,7.8864574,-2.9653802,5.967987
2,1471809600,0,0,1,-1,0,1.2117871,-0.736826,1.7045192
2,1407722400,1,0,3,0,0,-0.9488101,-3.7070978,10.468465
0,1404939600,0,0,0,0,2,-0.4709106,1.2223706,7.2235847
3,1564495200,1,0,1,1,1,-0.3680843,8.451163,1.7512254
5,1443459600,0,0,-1,0,0,12.188307,4.929473,4.1936216
3,1439128800,1,0,-1,-1,0,5.166397,-2.2034585,-1.6924632
1,1434704400,-1,0,1,1,-1,10.041662,4.5683904,-3.6783192
3,1408633200,1,0,-1,-1,-1,2.521026,12.859879,-2.798343
2,1403478000,0,0,0,3,0,8.486584,9.012876,7.162615
3,1466103600,0,0,2,1,0,7.74965,2.9162908,-1.9083409
2,1402560000,-1,0,0,-1,0,4.751217,0.35372898,12.705876
2,1471035600,1,0,0,-1,1,8.521085,9.304098,4.657754
1,1435024800,0,0,-1,1,-1,5.6893497,3.6934233,-5.6092143
2,1404979200,-1,0,-1,-1,3,-1.2860128,-0.11706592,7.55597
3,1534428000,2,0,-1,0,0,3.876171,12.796001,2.9261696
2,1439283600,1,0,2,-1,-1,7.3820662,7.662473,-4.3284864
0,1406350800,-1,0,-1,0,-5,4.960587,7.41096,-1.4801503
3,1627394400,1,0,1,-1,2,2.256072,6.9075885,4.198111
0,1436529600,0,0,-1,0,0,6.5657935,13.921983,0.7617427
3,1567756800,-1,0,-1,-1,-1,1.169808,10.900651,5.8687468
0,1403596800,0,0,-1,-1,0,3.0142834,10.899731,4.6660028
1,1466546400,1,0,-1,-1,-1,4.791607,10.010915,3.9125614
4,1407402000,1,0,0,-1,0,14.54,3.5678277,-0.23168296
3,1473102000,1,0,0,-1,0,6.853357,8.20683,-4.9087033
2,1472126400,-1,0,-1,2,0,3.3191247,3.7376285,-5.8742423
5,1439301600,2,0,1,0,0,-0.42228845,11.873838,5.1204967
3,1502186400,1,0,0,-1,0,6.3457165,1.3030552,-3.2995248
3,1505019600,0,0,0,-1,-1,-0.27373192,8.457573,6.242941
3,1561575600,-1,0,0,1,0,9.690028,-1.1194493,1.2196631
1,1406739600,0,0,0,-1,0,1.1030655,14.701426,6.1022964
3,1407618000,1,6,1,0,-1,11.203625,4.219932,7.1834064
3,1464300000,-1,0,-1,0,2,9.04104,-0.3465991,9.407833
3,1497693600,-1,0,0,-1,-2,3.4424956,0.85361606,10.668634
3,1407830400,1,5,1,1,-1,0.83590955,6.270369,-1.55714
3,1474081200,0,1,-1,-1,-1,7.6377482,3.1051393,4.9830313
2,1439089200,0,0,0,-1,-1,3.6695902,12.711391,-5.557972
1,1407448800,1,0,0,-1,0,6.3576035,-3.482528,11.545394
3,1564124400,1,0,-1,2,1,0.354678,10.521932,2.4210327
2,1468695600,1,0,1,0,0,9.9378195,4.3187594,6.1496625
3,1566522000,1,0,2,1,1,3.6503663,7.80893,0.15105198
2,1404741600,0,0,-1,0,-1,12.077479,9.408146,8.765607
3,1405458000,-1,0,1,1,1,1.5639737,-1.800197,3.0653744
3,1405116000,0,0,-1,-1,1,13.618178,-0.68289906,11.069692
3,1474527600,0,0,-1,-1,-2,5.143199,-3.5270932,8.5562935
1,1403798400,0,0,-1,0,-1,15.819548,2.2359207,6.6908164
4,1406635200,0,0,0,0,0,-1.7426047,-2.889723,-1.4445508
1,1441386000,1,0,0,-1,0,8.715542,2.9226325,-5.391035
4,1405141200,-1,0,0,4,2,2.917917,10.112952,-2.8816893
1,1405414800,0,0,-1,1,1,-3.1259167,13.6609535,5.226934
1,1470146400,2,0,0,-1,-1,4.0962653,6.567802,11.317131
1,1406314800,0,0,-1,-1,0,-5.570936,8.801568,-0.7203253
3,1565035200,1,0,-1,-1,0,2.9558337,10.388109,-2.109268
3,1470196800,1,0,-1,-1,1,2.964902,4.3013906,9.823826
3,1529902800,0,0,1,0,-1,11.004091,6.2081833,8.931492
4,1404957600,-1,0,0,-1,2,12.35062,6.135512,-0.23125811
1,1470567600,2,0,0,-1,-2,8.324132,6.6279855,6.96164
3,1567965600,0,0,0,1,-1,2.54888,8.634566,-0.34326664
4,1440349200,-2,2,0,0,0,4.1003323,-2.1536393,12.791595
1,1443020400,1,0,-1,-1,-1,14.317866,5.5971737,4.5805707
0,1440788400,-1,0,-1,0,0,-5.492985,6.318997,-0.9860486
2,1409025600,1,0,-1,4,-1,-1.3770235,5.4120026,5.489666
3,1472245200,0,0,0,-1,2,2.1172752,9.080615,-3.158815
4,1402783200,-1,0,0,-1,1,6.1358075,6.6730866,16.287254
2,1469386800,0,0,0,0,0,4.9987826,3.8117197,4.0314994
3,1467108000,0,0,1,0,-1,1.0910041,10.571778,7.3056574
1,1408766400,1,0,-1,-1,-1,2.8457785,-0.23758177,14.598189
4,1435370400,-1,0,1,0,2,12.284164,9.581782,0.11813946
0,1435557600,0,0,-1,-1,1,3.7254784,2.4172757,7.390055
1,1436396400,0,0,0,-1,1,6.411767,4.192569,-4.224787
3,1437818400,1,0,-1,-1,2,-4.1113153,-2.2083993,2.2201366
1,1403226000,0,0,-1,-1,0,13.737553,3.4070716,11.25608
0,1437724800,1,0,-1,1,0,3.4248521,-3.5419548,-1.0713589
3,1563030000,2,0,0,0,0,10.150109,2.7660372,-0.52097857
2,1406055600,-2,0,-1,1,1,10.85295,15.512866,7.723015
3,1437620400,0,0,-1,1,-1,1.1891471,-3.4357479,-1.8777927
3,1502496000,1,0,0,-1,-1,2.7975576,3.399862,-0.369071
3,1533283200,1,0,0,1,1,5.4650292,6.1359572,2.5944865
1,1436947200,0,0,1,2,1,13.736125,5.779102,-0.7253764
3,1503504000,1,0,0,-1,1,0.37783134,10.062211,6.419285
4,1408399200,1,0,0,-1,-1,8.0477,4.49919,-6.9701385
5,1438876800,2,0,1,-1,1,3.4238229,3.5424738,12.97676
1,1434758400,-1,0,0,0,-1,-6.722715,3.2954674,4.430285
2,1433818800,-2,0,0,-1,0,0.4536946,5.7858205,3.7190979
3,1629662400,1,0,2,2,1,0.81393117,4.436924,0.54252815
1,1465689600,-1,0,-1,-1,0,0.2502972,3.8256576,8.140607
3,1566064800,1,0,0,-1,-2,3.286021,9.527343,1.4898094
3,1500116400,1,0,0,-1,-1,5.6828785,2.0322511,4.9816427
3,1625821200,0,0,1,0,1,8.17387,9.551653,3.2210548
0,1441681200,0,0,-2,1,0,11.938909,6.519901,13.164007
0,1441112400,0,0,-1,3,0,10.713286,13.6682625,-1.4620696
1,1401332400,-1,0,0,0,1,5.886714,9.130952,1.5119977
3,1562515200,0,0,2,1,1,6.2196174,1.704739,-0.16431445
3,1504432800,0,0,0,-1,0,2.5370464,10.926874,7.4226227
3,1497409200,-1,0,0,-1,-1,0.7224667,2.059006,10.436767
3,1564740000,1,0,0,0,0,-1.1867267,11.164996,0.24069153
3,1565960400,1,0,0,-1,-1,2.4749928,9.464643,-1.2448554
1,1432861200,0,0,0,-1,0,2.1003296,2.9115067,-0.5637634
3,1497780000,-1,0,0,-1,-2,2.765484,2.1915586,12.679405
3,1500634800,1,0,0,-1,2,6.1802073,5.3283,3.8142796
1,1436317200,0,0,1,1,1,9.158057,4.7217627,9.82054
3,1505098800,0,0,0,-1,-1,0.74373114,8.444271,8.604453
3,1467028800,1,0,-1,-1,-1,4.4360948,11.246618,7.85239
2,1437850800,0,0,0,-1,0,15.978778,1.9464107,8.764748
3,1530313200,0,0,0,0,3,9.153548,5.5967326,7.869804
3,1566813600,1,0,0,0,1,1.3215656,8.297172,2.225964
3,1435705200,0,0,0,-1,0,13.131795,4.7007084,-0.9431747
1,1470546000,1,0,0,1,-2,8.172202,6.7027926,6.944848
3,1406757600,0,0,0,-1,0,0.7854081,13.056234,8.267547
3,1404007200,0,0,0,-1,0,10.787617,-3.3165464,-0.3515261
2,1408719600,1,0,0,-1,-1,5.734327,13.008788,-0.6437526
3,1435161600,0,0,-1,-1,0,-5.1148252,-0.038317207,2.7355611
3,1440342000,-1,0,0,-1,-1,2.3795488,4.104019,1.5490304
3,1403636400,0,0,-1,1,0,1.9602702,0.4404517,4.211595
2,1405134000,-1,0,-1,0,2,-5.3390856,-2.0804598,2.9064054
5,1434762000,-1,0,2,0,1,-3.363665,12.119616,3.8996158
0,1441321200,0,0,0,0,0,2.3447835,14.283647,5.8085103
3,1565028000,2,0,-1,-1,0,2.753873,10.476505,-1.9981933
3,1469739600,1,0,0,1,2,-1.6925434,8.587785,-1.0549489
2,1406419200,0,0,-1,3,1,11.420426,-0.02287505,1.3809166
2,1470826800,2,0,-1,0,1,-3.4262326,6.5076838,6.768501
3,1471903200,0,0,-1,1,-2,1.6138326,8.081666,-2.209647
2,1436569200,0,0,-1,3,0,-2.8530624,10.307495,-0.10016054
1,1442980800,0,0,-1,-1,-1,14.785855,6.9807086,5.9638195
5,1436626800,0,0,0,0,-1,4.0425005,-3.6130548,-2.4283626
2,1470146400,2,0,0,0,-2,4.1104107,6.5954885,11.345455
1,1408237200,1,0,-1,0,-1,9.433934,0.81733984,11.641586
3,1434664800,-1,0,1,-1,1,13.638288,2.8503778,3.797843
3,1504735200,0,0,0,-1,0,-0.7253656,5.811864,10.32729
3,1472666400,1,0,2,1,1,4.884107,3.471763,7.6920886
4,1432144800,-3,0,2,-1,0,9.265185,8.181733,-2.1412575
2,1432674000,-2,0,-1,0,0,2.0658107,3.8596237,10.773441
4,1437757200,0,0,0,-1,0,-2.684053,3.1958494,6.92055
2,1472468400,1,0,1,-1,0,5.2971473,11.372293,7.119752
2,1405893600,-1,0,0,-1,1,-4.865018,0.796486,9.707312
3,1560830400,-1,0,-1,-1,0,6.2141657,2.8904638,2.190875
2,1465848000,0,0,0,-1,0,5.4968762,10.08895,-2.2782843
3,1472824800,1,0,1,1,0,4.243831,1.2055221,3.7426844
3,1562072400,1,0,-1,-1,2,8.005806,1.9924498,5.0423555
3,1434391200,-1,0,-1,2,1,13.963539,0.26903278,7.704749
1,1466920800,1,0,-1,-1,-1,7.5726385,9.80503,5.423613
0,1434564000,0,0,0,0,-1,-1.5258601,4.3358574,0.5739836
3,1436126400,0,0,-1,-1,0,16.729784,8.450733,4.6569963
3,1437447600,1,0,0,-1,-1,5.591384,-6.6375375,8.964109
0,1403510400,0,0,0,-1,0,5.620147,12.371337,4.9164805
5,1403478000,0,0,0,-1,0,8.519277,8.965994,7.099667
1,1467345600,0,0,0,-1,2,5.1284995,0.39328042,1.7451968
3,1407524400,1,18,1,-1,-1,3.3372312,13.112747,10.612372
3,1407679200,1,0,0,-1,-1,1.2168766,-0.13909204,0.096403316
4,1434510000,-1,0,1,0,-1,4.707793,1.9284617,2.1800635
3,1439413200,1,0,0,0,0,11.763952,-4.580289,0.80836725
3,1502319600,1,0,0,-1,0,5.2489243,5.3993306,-3.0650656
1,1432098000,-2,0,1,0,1,1.6036925,3.8357031,15.1024275
3,1471453200,2,0,0,-1,-1,5.8241286,4.5102196,9.1040125
3,1533139200,1,0,0,-1,1,5.449472,9.827934,2.8471699
3,1629734400,1,0,0,1,0,1.4932202,4.2795687,2.3854554
3,1528779600,-1,0,0,0,0,11.679033,9.25305,10.124401
5,1441749600,-1,0,-1,3,1,-3.1764612,8.539866,0.1286981
4,1441375200,0,0,1,-1,2,8.990495,5.526434,-4.3598943
1,1438819200,1,0,1,-1,-1,4.944049,-3.9465594,-2.7884653
1,1401526800,-1,0,-1,-1,1,5.2936344,12.86005,1.2686981
1,1439038800,1,0,0,-1,-1,8.583439,8.304332,14.343847
3,1471431600,1,0,-1,-1,-1,10.807939,-1.2975578,4.436928
3,1474048800,1,0,-1,1,-1,6.502141,3.4961572,3.3230667
4,1434351600,-1,0,-1,1,-1,-2.3789537,5.7509723,2.5459921
1,1405090800,1,0,-1,-1,2,2.439492,5.522912,-2.6794596
2,1440331200,-2,0,-1,0,1,-1.2659557,-0.36291206,8.454791
2,1435500000,0,0,1,0,1,8.669269,6.0695515,-6.101777
3,1534500000,2,0,-1,0,0,3.3548443,10.396447,3.676027
3,1504062000,1,0,0,-1,0,2.4742913,5.6231537,8.837498
3,1468591200,0,0,1,-1,0,9.610369,-0.99271494,1.4331834
5,1442322000,0,0,0,0,0,5.3810296,5.8152604,7.096539
2,1473249600,1,0,0,0,-1,7.5909815,3.723484,7.533572
3,1532505600,1,0,0,-1,-1,6.012309,10.144583,7.7594266
0,1406433600,0,0,-1,1,-7,-3.507407,4.0126934,2.694047
4,1439917200,-1,1,0,-1,0,2.3996773,14.015867,8.978904
0,1437908400,1,0,0,-1,0,8.634684,-3.8677058,-1.5921367
0,1404147600,-1,0,-1,0,0,4.505058,9.623741,13.890308
5,1440752400,-1,0,0,-1,-1,9.239669,8.831127,-0.5675033
3,1473922800,0,0,0,0,-1,2.786596,2.733315,-1.4165412
2,1472742000,0,0,3,1,-1,-0.93261844,4.547995,7.405965
3,1472774400,0,0,2,0,1,3.7720397,5.3548493,8.457123
2,1403132400,-1,0,1,-1,0,6.2989197,-0.24038686,12.083092
3,1404846000,0,0,-1,0,-1,7.227142,-1.2950529,-2.8221447
3,1403028000,0,0,-1,2,0,-3.3999915,9.478621,-2.591154
1,1436680800,0,0,-1,3,1,1.9865521,-3.2476876,1.9192398
3,1404331200,-1,0,1,0,-1,4.9792705,5.4343147,7.9296417
0,1404216000,-1,0,-1,0,0,14.943048,-0.3149441,1.8051192
0,1440885600,-1,0,-1,0,0,8.618614,-0.31546432,-5.122954
3,1496818800,-1,0,0,-1,0,0.84365326,-1.5513972,9.487258
3,1535346000,1,0,-1,-1,-2,6.204201,7.9721413,-1.602533
0,1405173600,-1,0,-1,0,1,4.8273234,8.554916,-4.3728175
3,1504058400,1,0,0,-1,0,2.5529504,5.737725,8.918024
2,1438059600,1,0,1,-1,0,9.645539,3.04878,14.531606
3,1568102400,0,0,0,-1,-1,1.3087486,6.0816727,2.1804008
2,1406008800,-2,0,-1,3,1,-1.7750021,6.2068553,-4.4972215
5,1404547200,0,0,-1,2,-2,2.399064,4.3035736,11.617195
0,1435730400,0,0,2,1,1,11.411725,4.2212625,1.8984332
0,1441980000,0,0,3,1,0,8.139376,4.9236827,0.87988997
2,1473238800,1,0,0,0,-1,7.781973,4.2598987,7.041372
3,1560603600,-1,0,0,-1,1,9.374125,0.52671206,-0.6835692
3,1531018800,0,0,-1,0,1,11.205623,7.1387253,12.039027
2,1435856400,0,0,2,0,1,9.5914345,9.42236,-1.9382612
2,1466204400,0,0,1,-1,0,1.1398549,5.6991425,-0.93087053
1,1403251200,0,0,0,-1,0,10.523826,1.227603,8.589644
3,1438527600,1,0,0,-1,1,-7.34264,3.3591287,5.668388
3,1403838000,0,0,0,0,0,5.483591,13.741044,10.647012
2,1434409200,-1,0,-1,3,-1,8.01236,-2.4391305,-5.386782
2,1407506400,1,0,1,-1,0,5.005733,-5.907437,3.7699258
3,1465678800,0,0,0,-1,0,0.13250151,3.4594104,7.9639983
2,1409090400,1,0,1,-1,-1,-1.3423016,6.0642524,-5.9913025
4,1432616400,-2,0,-1,-1,0,7.1495247,0.9726313,12.166039
2,1473858000,1,0,2,0,-2,3.5831141,1.9550103,2.950421
1,1402383600,0,0,-1,-1,0,-0.7933855,9.567527,-1.6621835
1,1465567200,0,0,-1,-1,0,9.806596,0.8401321,6.0279846
1,1439917200,1,0,-1,-1,1,2.4715846,14.032647,8.98613
2,1434639600,-1,0,-1,4,-1,3.8986082,8.813852,-4.3822308
3,1408690800,1,1,-1,-1,-1,7.1815333,-4.9361362,8.458215
3,1471334400,1,0,0,0,-1,11.141695,8.710425,7.248379
5,1436511600,0,0,-1,-1,0,14.770905,2.4001398,8.343087
3,1627941600,1,0,1,0,0,0.81062454,4.716321,5.35897
3,1405832400,0,0,-1,-1,0,8.664758,11.963608,-0.17959143
3,1436979600,0,0,1,1,-1,8.087334,0.39446464,-6.019526
4,1404154800,-1,0,-1,3,0,-5.458726,-1.0064893,7.220195
3,1562209200,0,0,-1,-1,1,11.010754,5.2844844,2.575122
3,1440025200,0,0,-1,-1,0,-1.1828866,12.778803,-2.5929356
3,1441594800,0,0,-1,-1,1,6.9649396,1.1674571,-4.81043
3,1558792800,-1,0,0,-1,1,8.061679,6.72292,2.6620824
3,1629356400,1,0,0,-1,2,3.2105632,3.4214752,2.61676
2,1468476000,-1,0,-1,1,1,6.723951,1.3251998,12.719192
3,1499450400,1,0,0,-1,0,9.41418,4.34943,4.131831
3,1561525200,-1,0,-1,3,0,10.888314,-0.29292798,3.2762017
2,1435968000,0,0,0,-1,1,4.5815954,6.396819,14.046438
2,1407150000,0,0,-1,1,0,15.691473,0.7388699,6.421359
3,1407088800,0,0,0,-1,0,-3.9619071,3.8287048,1.2448355
0,1404108000,-1,0,-1,0,0,-1.554395,2.643606,3.1647933
3,1498327200,0,0,0,-1,1,7.6984324,5.083981,6.639169
4,1437775200,0,0,-1,1,0,14.789819,0.7331804,-1.7018336
3,1498222800,0,0,0,-1,1,4.3802834,9.130149,5.351063
4,1434405600,-1,0,-1,3,-1,5.910836,-3.3939412,1.1908982
1,1440140400,-1,0,-1,0,1,6.8960795,-2.9221919,7.0246334
3,1625810400,0,0,1,0,2,8.280106,9.540489,3.2001112
3,1560218400,-1,0,0,0,-1,11.336532,1.8967981,-0.22171555
1,1474084800,1,0,-1,1,-1,7.8310733,3.152242,5.2446823
3,1535108400,1,0,0,-1,-1,7.464852,10.086332,-0.13633747
1,1471312800,1,0,2,0,1,-0.97691035,3.030154,3.8545918
1,1438452000,1,0,-1,1,0,3.6452372,1.9293538,4.828202
2,1441353600,-1,0,1,0,0,15.513508,0.64638484,1.2924342
5,1436806800,0,0,-1,0,-1,1.1628135,14.056086,9.7200985
4,1440597600,-2,2,1,0,0,1.1668582,-3.6283765,6.8515186
3,1504216800,0,0,0,-1,0,0.86147475,8.753357,8.504751
0,1434524400,-1,0,1,0,-1,6.4632425,1.302745,6.5303574
2,1473332400,1,0,-1,0,-1,4.360259,-2.8058984,7.3570333
4,1405270800,-1,0,-1,0,1,11.282618,2.15939,9.420258
5,1434938400,-1,0,-1,1,1,-3.4433272,2.645125,7.6070642
2,1437955200,0,0,1,-1,0,5.5084686,12.614759,-3.2947636
1,1402772400,0,0,0,-1,0,0.44320634,1.6766282,-3.1453295
1,1434423600,-1,0,0,0,-1,10.581048,8.387151,7.059911
2,1465880400,0,0,1,-1,0,7.983854,5.9605284,13.914001
4,1408201200,1,0,-1,-1,-1,-0.10156695,1.9001122,-4.509863
5,1434963600,-1,0,-1,0,1,4.8329043,5.8959494,-7.3598857
3,1434938400,-1,0,-1,0,1,-3.4606442,2.6161263,7.5871105
4,1405738800,-1,0,-1,0,1,-3.6666458,2.581176,6.2834835
3,1531260000,1,0,0,0,0,7.902998,6.6887217,11.50802
3,1404882000,-1,0,-1,-1,-1,-4.760273,5.9589124,-3.22104
1,1438750800,1,0,-1,-1,0,10.801482,5.000184,11.391394
2,1403560800,-1,0,-1,0,0,-2.2512786,0.4198405,-0.33788523
4,1434862800,-1,0,0,-1,-1,-3.249092,2.961239,-3.0222023
2,1471942800,0,0,-1,-1,0,2.030978,7.548751,10.549084
0,1439118000,1,0,-1,-1,-1,5.3573937,9.306333,-6.6479287
2,1473800400,1,0,1,-1,-2,3.0711806,-0.10549816,1.0786089
3,1473620400,1,0,0,1,0,2.0131981,2.6912837,6.7298775
3,1469062800,0,0,-1,-1,0,3.2384968,6.8257985,-2.059091
4,1407297600,0,0,1,0,0,-4.753942,-0.9124669,8.043751
4,1441047600,-1,0,-1,1,-1,-0.7826341,10.963015,9.704636
1,1439359200,1,0,0,-1,-1,10.09876,12.238685,0.23548341
3,1472306400,0,0,0,-1,1,-0.6031201,2.6860492,0.9952291
3,1405173600,0,0,-1,-1,1,4.891115,8.564483,-4.337465
3,1408593600,1,0,-1,1,-1,5.612176,13.158,2.9788156
1,1407002400,1,0,-1,-1,0,9.78359,1.913775,-5.673106
4,1408204800,1,0,0,-1,-1,4.662569,11.623075,2.1095
3,1501495200,1,0,0,-1,0,4.694771,-1.4539577,-0.6550657
2,1437238800,0,0,2,-1,0,-4.00112,1.9840138,11.320418
3,1471874400,1,0,0,1,-2,3.0247889,-0.880013,2.5508573
0,1434729600,-1,0,2,0,-1,1.1437044,3.7217116,13.903207
5,1404745200,0,0,-1,0,2,0.3125975,7.1583843,10.840613
3,1437440400,1,0,-1,2,-1,-2.3390815,13.014896,2.9727933
2,1406862000,0,0,-1,1,0,7.326486,13.869353,8.847106
3,1438398000,1,0,-1,0,1,8.66015,14.634568,5.4097266
3,1437526800,0,0,-1,-1,-1,-5.9224815,7.533844,1.6804693
3,1566802800,1,0,0,0,1,1.5293744,8.201958,2.0361695
5,1439294400,1,0,2,0,0,5.558077,3.3843513,-4.5396323
1,1405404000,0,0,0,1,1,-2.7582755,3.3237708,2.315348
1,1401339600,-1,0,0,-1,1,6.0510197,8.71951,1.4409322
1,1439787600,1,0,-1,4,1,11.306357,-4.923358,5.139786
3,1464667200,-1,0,-1,-1,1,4.2238884,3.62924,10.138319
3,1437181200,0,0,0,-1,-1,10.656889,-4.365414,6.4034934
3,1467068400,1,0,0,-1,-1,-0.7926468,4.8100133,6.6015105
0,1403776800,0,0,1,0,0,7.273035,-0.30461463,-0.7661689
1,1408752000,1,0,-1,-1,-1,9.995317,2.5467834,5.000937
5,1434873600,-1,0,-1,1,1,9.094624,9.104652,-4.1739793
2,1473667200,0,0,-1,0,-2,-2.2172382,4.3530173,8.863788
3,1534658400,1,0,0,1,-1,3.3109982,10.272376,2.4080422
3,1622181600,-2,0,6,2,0,7.130391,6.355264,8.936009
2,1402210800,-1,0,3,1,0,7.682487,-3.118959,7.5148377
0,1435546800,0,0,-1,1,1,-2.8483627,11.33914,0.92457974
3,1465189200,-2,0,0,0,0,9.924544,5.1795607,0.29446024
1,1442026800,0,0,1,1,0,8.18494,5.2960033,2.4511595
3,1466614800,0,0,-1,-1,0,10.980358,2.761308,1.789342
3,1593972000,2,0,0,-1,1,1.2248368,4.3543696,8.022732
2,1471665600,0,0,-1,0,0,5.4621696,1.3522838,6.483087
3,1624428000,0,0,-1,-1,2,5.163403,1.0398233,9.473811
2,1438894800,2,0,1,-1,-1,14.676967,-2.973888,2.1804276
3,1437714000,1,0,-1,1,2,12.854492,-4.076269,2.7956932
4,1405724400,0,0,-1,0,1,0.1393576,1.5321676,2.3023796
5,1441753200,-1,0,0,-1,1,7.275441,7.521518,-2.3063226
2,1402304400,-1,1,2,0,0,8.382205,-1.9306736,9.58447
2,1467536400,0,0,0,-1,-1,6.817307,3.4536626,10.407822
3,1502193600,1,0,0,-1,0,6.469775,1.4153008,-3.2064085
0,1435179600,0,0,-1,1,-2,6.489388,-6.385773,8.307221
2,1401595200,-1,0,0,-1,1,6.493138,9.170244,0.39946857
2,1467900000,1,0,-1,-1,1,7.9523635,8.688444,1.921825
1,1437062400,0,0,1,-1,0,7.594455,-6.925753,0.45365494
2,1466478000,0,0,0,-1,0,3.5620108,6.0956078,4.7256236
2,1473310800,1,0,-1,0,-1,3.819097,-2.0696867,7.4282517
1,1467694800,1,0,-1,-1,1,8.329803,5.066076,-1.2736269
0,1439042400,1,0,0,-1,-1,4.271773,-4.7692785,-0.9615902
4,1404334800,-1,0,1,0,0,-2.35094,-2.8158066,1.662641
3,1629928800,1,0,0,-1,0,4.540544,5.0006785,-0.89800227
0,1403730000,0,0,2,0,0,-2.6548188,2.9562714,-1.7001171
5,1402606800,-1,0,0,-1,1,8.032207,0.7522949,11.513391
3,1464307200,-2,0,0,-1,2,9.075716,-0.4133519,9.802277
0,1441666800,0,0,-1,1,0,13.042105,-2.670401,9.054379
3,1437588000,1,0,-1,0,-1,1.5270194,7.897667,-5.3023787
3,1502773200,1,0,0,-1,-1,3.8615417,2.4401639,0.8671409
2,1434448800,-1,0,2,-1,-1,11.656296,-5.698583,3.7027297
2,1439121600,0,0,0,-1,-1,-1.5869364,10.969109,0.09465685
4,1434574800,-1,0,0,0,-1,11.296669,1.7804291,2.3988662
3,1406070000,1,0,-1,-1,0,9.743419,-1.4948552,8.189291
3,1563386400,1,0,0,-1,0,7.9591846,-2.495647,4.4344435
3,1533160800,1,0,0,-1,1,5.9034476,9.187299,2.8138733
4,1404446400,-1,0,-1,3,0,12.177497,2.6371188,8.864578
1,1404136800,0,0,-1,-1,-1,13.149332,1.0422659,11.186364
5,1438779600,1,0,-1,0,1,11.243272,4.5450006,-2.8466623
2,1464346800,-2,0,-1,3,2,9.024742,0.88702303,9.960372
3,1435460400,-1,0,0,0,0,-0.23663744,15.265918,0.7358201
4,1407146400,0,0,-1,0,0,7.124832,-6.3722496,-0.54354936
1,1434970800,0,0,-1,-1,-1,12.250683,10.47569,6.926882
3,1470686400,2,0,0,0,0,-0.030557998,3.2612386,10.240598
2,1470448800,1,0,1,-1,2,-0.4265518,-1.4468063,2.879267
4,1433235600,-3,2,0,0,0,2.65377,4.2829638,-3.20351
1,1473926400,0,0,4,-1,-1,2.890045,2.965944,-1.7305559
3,1532721600,1,0,0,0,3,6.8438134,9.940593,9.803138
3,1406772000,0,0,-1,-1,0,9.656077,2.6896975,7.108389
5,1402700400,-1,0,-1,0,1,10.460798,3.1050928,14.292966
3,1441512000,0,0,-1,-1,1,7.1138935,11.226075,10.464884
3,1496638800,-1,0,0,-1,0,0.07724341,-2.7981691,8.504891
2,1407294000,0,0,1,0,0,0.84107876,3.0246732,15.333637
3,1567864800,0,0,1,1,-1,1.1292378,9.961002,3.2463758
2,1433725200,-2,0,-1,2,0,12.51272,-2.7908475,0.3696737
0,1405137600,0,0,-1,1,1,6.1687355,-3.236027,7.3889356
4,1405764000,0,0,-1,-1,1,6.119141,6.9171114,10.221661
4,1441663200,-1,0,-1,4,1,10.48886,-2.9252913,-1.5813553
4,1439830800,0,1,0,-1,0,4.522584,-3.222548,-4.4636707
3,1474113600,1,2,-1,0,-1,8.9521,2.720109,5.969668
3,1407805200,1,22,-1,-1,-1,-2.8973794,8.728585,7.3552403
3,1465207200,-2,0,-1,0,0,10.074075,5.3309946,0.5397003
5,1435276800,0,0,1,-1,0,-2.8117115,0.7208902,4.9742007
3,1497502800,-1,0,0,-1,-1,1.2853823,-0.09435621,13.679113
3,1495530000,-2,0,0,-1,1,2.2428699,0.011957292,12.455494
1,1432519200,-2,0,0,-1,0,0.002739439,2.6881647,8.5556345
3,1558864800,-2,0,-1,-1,1,7.2750397,3.633759,3.4634435
3,1534752000,2,0,0,0,-1,4.537063,11.246737,3.0751286
1,1440054000,-1,0,-1,3,1,4.3077145,4.4416337,9.542132
3,1440075600,0,0,-1,-1,0,1.7595786,11.448963,12.044664
2,1404446400,-1,0,-1,0,-1,12.247647,2.7386892,8.9238825
2,1403888400,0,0,0,-1,0,-3.524504,-1.1896125,4.0670395
0,1440298800,-2,0,-1,-1,1,4.3170266,-3.4780862,7.649556
4,1438830000,1,0,2,-1,2,13.364033,7.5350466,-2.6956038
2,1464933600,-1,0,0,-1,1,0.52594006,1.9709092,4.982796
2,1433437200,-2,0,-1,3,0,9.738789,10.11087,10.709761
0,1403586000,0,0,-1,0,0,-0.5749001,4.5608053,-4.8816524
3,1629896400,2,10,-1,-1,0,4.5591745,4.988915,0.08335542
2,1403924400,-1,0,0,0,0,3.8121207,-5.615071,-2.8619387
3,1502618400,1,0,0,-1,-1,6.6712747,3.6892388,-1.6905739
3,1435284000,0,0,0,-1,0,0.09318558,4.9550896,16.142122
0,1406361600,-1,0,-1,2,-6,2.948678,9.076594,-6.136148
4,1408734000,1,0,-1,-1,-1,7.7573657,-2.4077816,-4.453256
1,1468296000,1,0,0,-1,0,3.4379654,-3.671509,4.2398596
3,1563411600,1,1,-1,2,0,7.9303966,-1.5979806,4.1664762
3,1495162800,-1,0,0,-1,2,-2.624555,0.39749628,9.582489
3,1501095600,1,0,0,-1,1,3.4145741,1.3990021,-3.3648648
5,1404176400,-1,0,1,-1,0,10.830949,-0.705004,-1.1438113
0,1432645200,-2,0,0,-1,0,-7.79023,5.499795,7.1190305
3,1624500000,0,0,0,-1,1,3.3371317,1.3777778,7.2189865
2,1432612800,-2,0,-1,1,0,12.29625,9.958742,2.9423003
3,1629349200,1,0,0,-1,2,3.140319,3.3548765,2.2670627
5,1436745600,0,0,-1,3,-1,1.9734085,5.27813,9.468557
0,1402704000,-1,0,0,0,1,8.212926,11.415501,13.139635
1,1432155600,-2,0,1,0,1,10.066075,14.558975,7.806973
1,1434207600,0,0,0,0,0,11.696505,-1.7858391,8.945817
3,1625018400,0,0,-1,1,0,2.938444,-0.3527602,5.7428794
0,1404406800,0,0,1,0,0,-6.987089,7.104082,6.151585
5,1439499600,1,0,-1,1,0,2.4925957,0.43707556,-3.8532937
1,1403125200,0,0,0,-1,0,-2.3177087,7.077945,1.092978
0,1432670400,-1,0,-1,1,0,4.190831,-0.78070235,-5.362968
2,1472529600,1,0,0,-1,0,10.580544,6.8420424,3.4212499
0,1434927600,0,0,-1,0,-1,8.766528,4.761874,-4.080464
4,1435150800,0,0,-1,-1,-2,7.822219,15.1753,2.4098177
5,1442293200,0,0,-1,-1,1,4.9930773,7.1170053,6.700954
2,1471982400,0,0,-1,1,0,4.0440693,-1.3180218,12.636968
3,1495821600,-2,0,0,-1,0,0.42581034,-1.9175549,10.874014
0,1404262800,-1,0,-1,0,0,12.0752325,2.8939092,-4.447463
3,1532325600,0,0,1,1,-1,4.446057,7.575612,10.918044
3,1534212000,2,0,-1,1,0,2.458438,4.9677596,1.1671252
2,1402812000,-1,0,0,-1,0,4.4757104,-1.5753505,-2.871085
3,1436230800,0,0,-1,2,0,8.155446,-4.5903172,6.416924
4,1406973600,0,0,-1,-1,0,-6.866356,5.03347,8.957772
3,1467295200,0,0,-1,-1,-1,10.6983,-3.55345,5.156364
1,1471064400,1,0,-1,1,2,-0.20539992,6.496816,7.111025
1,1402153200,1,0,0,-1,0,6.8553867,6.374745,1.1574663
3,1407423600,1,0,0,-1,-1,1.9485077,0.064786226,3.181954
0,1406318400,-1,0,-1,0,-6,12.539205,7.4457073,12.208109
2,1405630800,0,0,0,-1,1,6.7105155,15.707052,6.8374996
1,1406235600,0,0,-1,-1,0,10.160608,6.3554945,-6.030688
3,1436842800,0,0,-1,-1,-1,-2.4298177,-1.214196,5.610448
1,1402984800,0,0,-1,-1,0,-1.4384295,4.3404746,-6.0130224
5,1439136000,1,0,0,0,0,10.498014,8.582076,-4.3277483
1,1404104400,0,0,-1,-1,-1,13.59034,10.697796,6.173264
5,1438963200,1,0,0,-1,0,-2.8730752,5.485119,-3.9446306
1,1406959200,0,0,-1,-1,0,6.109318,-5.5395074,3.3071358
3,1622260800,-2,1,4,3,0,6.3056083,4.822935,8.559921
1,1469710800,2,0,0,-1,-1,1.6250403,3.758594,-3.3499115
3,1466492400,0,0,-1,-1,0,10.365139,-0.98051697,8.781857
4,1434200400,-1,0,0,0,-1,-2.5888262,0.21436822,13.407295
3,1402758000,0,0,0,-1,0,9.839442,-2.1087554,-1.4488802
3,1471932000,0,0,-1,-1,-2,1.9470747,7.5033374,10.057483
2,1402160400,-1,0,0,0,1,7.1861024,5.974113,1.3777196
4,1409342400,1,0,1,-1,-2,0.9466127,-1.3443362,2.2588172
3,1561204800,-1,0,0,-1,0,8.878421,-0.12482407,4.4788747
2,1473390000,1,0,-1,1,-1,1.5003402,11.48318,-0.6124566
3,1625875200,1,0,0,0,1,7.341314,8.332513,1.8876507
1,1405548000,0,0,-1,1,1,-0.06825922,11.070863,-2.3387709
3,1625835600,1,0,1,1,1,7.980864,9.135696,3.1085966
3,1498510800,0,0,0,-1,1,3.2019925,6.9089127,7.444812
0,1435492800,0,0,0,0,1,7.9583616,-0.021433977,14.27046
1,1467932400,1,0,-1,-1,1,11.92719,8.258486,-0.3334821
3,1562533200,0,0,1,0,1,6.7452507,1.28384,-0.3819412
3,1532638800,1,0,0,0,-1,5.1816187,8.729836,7.9040813
3,1405774800,0,0,0,-1,0,7.8269315,10.821287,-3.9824066
2,1473703200,1,0,-1,2,-2,3.6710846,8.858871,12.194531
3,1406941200,0,0,-1,-1,0,2.5369425,16.019459,2.9481854
3,1622293200,-2,1,4,1,0,6.8934727,3.911099,7.8419957
4,1438009200,2,0,0,-1,-1,12.107035,10.652587,-0.77398527
0,1404835200,-1,0,-1,-1,2,4.784679,5.8442836,16.165619
5,1406314800,-6,0,-1,0,-2,-5.495244,8.884722,-0.7271807
1,1437973200,1,0,0,-1,0,3.0202208,14.869723,2.6479695
0,1436054400,0,0,-1,0,1,5.7346697,7.5583515,-3.0078497
1,1435572000,0,0,-1,-1,-2,12.262479,1.2539605,-4.2572365
2,1441800000,-2,0,3,1,0,0.990029,4.629409,11.416541
5,1405274400,0,0,0,0,1,4.0812793,9.8032,-5.85358
3,1528725600,-1,0,1,0,0,11.113497,9.496369,11.345068
2,1401465600,-1,0,1,-1,1,6.0470366,11.3028755,2.5067627
0,1433649600,-2,0,0,0,0,13.70669,8.689034,6.7535124
3,1464958800,-1,0,-1,-1,1,3.8222628,-0.000269014,7.7950897
0,1432184400,-3,0,0,0,1,12.550258,0.8043011,1.0438474
3,1535137200,1,0,0,-1,-2,7.460035,10.739709,1.0041426
4,1405090800,0,0,0,-1,2,2.4867678,5.4880753,-2.705428
3,1565560800,1,0,0,-1,-1,2.9808302,8.542817,1.6826105
3,1468101600,1,0,1,1,1,7.83485,3.7251372,-3.815917
3,1495634400,-2,0,0,-1,1,-0.21924785,-0.77476746,12.188747
3,1497610800,-1,0,0,-1,-1,2.649358,-1.0997685,11.943402
3,1561478400,-1,0,0,-1,0,11.343641,1.1691585,4.468922
3,1528804800,-1,0,0,0,0,11.508743,8.673129,10.62832
1,1401876000,0,0,0,-1,1,7.909513,11.348318,4.9856067
3,1473825600,0,0,1,0,0,4.1908298,0.04590864,0.75217503
1,1433768400,-1,0,-1,-1,0,8.786677,10.488259,5.4321094
3,1498968000,0,0,0,-1,0,4.772156,1.2927892,3.60052
0,1402696800,-1,0,-1,-1,1,13.734532,-0.36397997,4.7396784
2,1435662000,-1,0,-1,-1,1,-3.1030834,0.014601134,9.476733
1,1436004000,0,0,-1,-1,2,9.370467,9.85791,13.813354
3,1472256000,0,0,0,0,2,2.7011657,8.574217,-3.3373947
2,1405976400,-1,0,0,-1,1,-3.1140852,3.45618,9.756533
2,1407265200,1,0,1,-1,0,9.11366,4.347158,15.369741
2,1472266800,0,0,2,0,0,3.1480236,8.232909,-3.122981
1,1405807200,1,0,-1,-1,1,5.0378337,11.33832,5.009279
3,1440140400,-1,0,-1,1,0,6.8752723,-2.9200366,6.824709
2,1434992400,-1,0,-1,0,-1,11.411782,4.7326136,9.388531
3,1409022000,1,1,-1,-1,-2,-1.0658482,13.213609,1.9124435
2,1407690000,1,0,2,-1,0,6.3559675,6.041762,14.346532
2,1405213200,-2,0,-1,1,2,-2.636132,8.635125,-0.41516647
3,1474250400,0,0,-1,-1,-1,3.0960045,-0.6867825,10.23409
2,1406919600,0,0,0,-1,0,13.982956,1.3979061,12.164887
3,1560841200,-1,0,-1,0,0,6.119899,2.5620787,2.1036685
5,1434139200,-1,0,2,-1,2,7.1166854,11.086405,6.282009
1,1437519600,1,0,-1,-1,0,3.850817,-4.574028,3.6457624
3,1624827600,0,0,0,-1,0,0.20706454,0.32916698,5.9012947
3,1504789200,0,0,0,-1,0,-0.037545186,5.9331126,8.1003685
0,1403636400,0,0,-1,2,0,1.9583155,0.416669,4.19302
3,1561658400,-1,0,0,-1,-1,7.6871343,-0.078318,2.8201888
1,1407369600,1,0,-1,-1,0,3.8381445,-2.349535,-2.0686407
1,1403262000,0,0,-1,-1,0,-6.143748,9.779546,4.7798095
3,1402434000,-1,0,1,0,1,6.8120227,1.0376307,11.2620125
1,1469278800,1,0,0,-1,0,2.7592208,4.7239985,6.272246
3,1503327600,2,0,0,-1,1,3.4921153,12.604226,7.1780705
3,1621886400,-2,2,1,0,1,7.34303,6.1174517,7.760852
3,1567735200,-1,0,-1,-1,-1,1.6100271,11.045584,5.7866945
3,1438830000,1,0,0,0,0,13.416373,7.5403466,-2.681426
4,1438912800,1,0,0,-1,1,3.6931508,9.561319,7.058505
3,1564588800,1,0,1,0,0,-2.1666656,7.8078,1.7138102
5,1440946800,0,0,1,-1,-1,-0.90706336,7.2260613,3.5442305
3,1593792000,2,0,0,0,1,1.5477064,1.9551461,5.055658
3,1498467600,-1,0,0,-1,1,3.9311874,6.3882008,6.657336
2,1401973200,-1,0,0,-1,1,9.445554,10.995591,1.3861834
3,1406872800,0,0,-1,3,0,12.00689,13.329473,2.11512
3,1439125200,1,0,-1,-1,0,1.5512419,1.7348881,5.908584
3,1567486800,0,0,-1,-1,0,4.1645384,5.463036,3.2461972
3,1627743600,1,0,1,0,0,-1.7712306,3.7425494,4.6445227
3,1467270000,0,0,-1,0,-1,0.30411822,4.305494,3.9374423
3,1464274800,-1,0,-1,0,2,8.722891,-0.4870657,8.162751
0,1405072800,0,0,-1,0,1,2.043334,14.138401,3.0839307
3,1501088400,1,0,0,-1,1,3.6235216,1.3590496,-3.122034
1,1441587600,0,0,-1,-1,0,3.8051674,16.031517,6.1540523
1,1466463600,0,0,-1,-1,-1,3.0791166,6.0813146,5.159152
2,1439996400,-1,0,-1,1,1,6.898414,4.0217648,-6.1340814
5,1435651200,-1,0,-1,-1,0,-3.9153712,-1.2598761,5.3426323
5,1404615600,-1,0,-1,1,-1,2.3258858,6.424227,13.988416
3,1473948000,1,0,0,0,-1,3.142953,3.7100961,-2.784172
0,1440244800,-2,0,-1,0,1,-2.1361656,4.021696,11.260607
3,1625770800,0,0,2,2,2,8.338611,10.498367,2.4340107
1,1440072000,-1,0,-1,-1,1,-1.0229865,-0.5010675,2.1436954
0,1403290800,0,0,1,-1,0,8.754035,4.7366877,-5.124643
4,1407542400,1,0,2,0,0,-6.3820124,2.8823788,7.4595094
3,1531375200,1,0,-1,-1,0,5.917063,5.605336,12.2311125
5,1435611600,0,0,-1,-1,0,9.028799,6.3878803,-2.1593423
3,1435179600,-1,0,0,1,0,6.50683,-6.4203234,8.292291
1,1434175200,-1,0,0,1,0,13.155973,2.7012336,6.7827234
3,1565017200,2,0,-1,0,0,2.4633834,10.465337,-1.8798212
3,1466262000,1,0,0,-1,0,-0.36587223,-1.0814692,3.8294032
2,1464922800,-1,0,0,1,1,-1.8184364,4.679631,1.2079016
0,1436090400,0,0,-1,-1,1,4.525944,4.2495923,15.226424
4,1409115600,1,0,0,-1,-2,11.305929,6.981172,-4.7593837
3,1409472000,1,0,-1,1,-3,8.854865,12.099644,6.192679
1,1443301200,1,0,0,0,-1,14.127493,7.6934776,5.20635
5,1404914400,0,0,0,-1,1,-4.412114,-0.061408527,0.58010715
2,1403686800,0,0,1,-1,0,8.050542,-2.2238703,12.505867
1,1443528000,0,0,2,2,-2,12.142029,3.8096192,4.602747
0,1402797600,-1,0,0,-1,1,3.9555976,-5.217901,2.7403164
0,1405702800,0,0,0,-1,1,0.91655076,-1.535206,-5.5687656
2,1403226000,-1,0,0,-1,0,13.777547,3.4250147,11.279452
2,1403096400,-1,0,1,0,0,-1.8739758,11.374845,10.960476
3,1504238400,0,0,0,-1,0,0.040746473,9.053701,8.339953
3,1498197600,0,0,0,-1,1,4.646905,9.511135,4.409748
3,1629784800,1,0,-1,3,0,2.4557626,4.2330704,2.6009362
3,1495990800,-1,0,0,-1,0,-0.9418195,1.4052556,12.026597
1,1472050800,0,0,0,-1,0,3.282577,4.7646565,-4.19955
4,1405324800,-2,0,-1,1,1,1.3835555,13.321668,1.9502065
3,1468321200,1,0,0,-1,1,3.92814,0.11484493,-2.4909582
2,1473321600,1,0,-1,0,-1,4.175752,-2.521784,6.959884
3,1567015200,0,0,0,-1,0,0.55772966,10.798069,1.5811917
3,1473282000,1,0,-1,-1,0,1.5695468,-1.8243623,6.0614195
3,1498129200,0,0,0,-1,2,6.919674,8.981298,4.0791187
0,1407009600,1,0,0,0,-5,2.4628806,7.2947936,-3.6187763
2,1436457600,0,0,1,-1,0,-4.2747602,10.544042,6.860417
3,1407124800,0,0,-1,-1,0,0.13156353,5.5634136,14.218983
3,1435496400,0,0,0,-1,0,7.0697265,4.207681,-6.515317
2,1469624400,0,0,0,-1,0,12.224701,4.665571,6.5184345
0,1438891200,2,0,1,-1,-1,-0.9031987,8.762727,-4.402202
2,1471953600,0,0,-1,-1,0,5.2143626,-0.7971286,12.237663
3,1529416800,0,0,1,0,0,7.979463,7.7975674,11.385329
0,1439942400,-1,0,-1,-1,1,4.1637497,-1.1313001,8.235635
3,1466539200,0,0,0,-1,0,4.487906,9.816521,3.6283863
2,1407175200,0,0,-1,2,0,8.775486,12.27131,-2.7615626
5,1405508400,0,0,2,-1,0,5.8344264,5.0285335,0.13271181
1,1441360800,0,0,0,-1,0,7.1540055,14.144911,4.332148
5,1436068800,0,0,-1,1,0,7.221109,-2.948561,9.368341
1,1433142000,-2,0,1,1,0,0.03666128,3.3295267,1.6010957
3,1565805600,2,0,1,1,-1,4.2935057,7.5413117,-1.2417506
3,1470834000,2,0,-1,-1,0,-3.1722257,6.3268657,6.603775
3,1503043200,1,0,0,-1,-1,4.948843,2.3731332,-1.7346784
3,1465398000,-1,0,0,0,0,7.161735,-1.2178488,7.665953
1,1473048000,1,0,1,-1,0,7.1552052,3.6582248,5.6530657
1,1468018800,1,0,0,-1,1,4.298918,8.41546,12.662418
3,1472410800,1,0,0,-1,1,3.8651435,8.098988,7.1050735
5,1442764800,0,0,1,1,0,13.946317,3.6304889,4.0092554
3,1567483200,0,0,-1,-1,0,4.126222,5.40196,3.1428485
3,1471363200,2,0,0,0,-1,0.0728393,5.4902587,9.615523
3,1465887600,-1,0,0,-1,0,8.017852,5.916369,13.594653
0,1434866400,-1,0,-1,-1,-1,9.930018,-5.0496607,4.641139
2,1468713600,0,0,0,-1,0,-3.2084358,3.378412,1.1370533
1,1470967200,1,0,-1,3,2,5.182974,2.7959368,7.8647223
1,1434582000,0,0,-1,-1,-1,15.046226,9.990905,6.689577
2,1433145600,-3,2,3,0,0,-0.15486282,3.2740371,1.7402515
4,1434117600,-1,0,2,0,-1,1.3143046,7.6787076,-1.0423077
5,1440694800,0,0,1,1,-1,13.156271,-2.167192,-0.602558
1,1437526800,1,0,-1,-1,0,-6.0921288,7.3425994,1.8705801
3,1437692400,1,0,-1,-1,2,-0.84466237,0.08375814,13.843446
4,1432620000,-2,0,-1,-1,0,9.198607,7.688901,-6.0669355
2,1470096000,2,0,1,-1,-1,1.3325231,10.437401,9.84216
5,1402866000,-1,0,-1,1,1,-5.6123977,1.6907532,10.081684
1,1466211600,0,0,-1,0,0,1.1989441,5.821988,-0.7072888
1,1468105200,1,0,1,1,1,7.745106,3.7437298,-4.0216866
0,1438902000,1,0,0,0,-1,10.905232,-4.002602,3.309901
3,1435003200,-1,0,-1,-1,1,11.031611,0.8867512,4.9667377
4,1436983200,0,0,1,0,1,8.498786,-4.874584,-2.374271
5,1403323200,-1,0,1,-1,0,-2.631901,4.7122936,5.907795
3,1565334000,1,0,0,0,0,-1.1771473,8.074734,0.5278064
3,1528905600,0,0,0,0,0,8.166556,9.631588,10.875509
3,1496584800,0,0,0,-1,0,0.247336,-2.2500913,7.600178
2,1405144800,-2,0,-1,3,2,6.4793496,-1.063797,5.256854
5,1439352000,1,0,2,1,0,3.3070784,5.730022,-2.1582747
3,1472670000,1,0,2,0,1,4.8643675,3.3404784,7.708653
3,1532628000,1,0,0,-1,-1,5.426824,8.700045,7.609089
3,1533168000,1,0,-1,0,1,6.0053086,8.840127,2.9847116
2,1465945200,-1,0,0,-1,0,3.8705618,5.496931,-4.8878174
3,1403319600,0,0,0,-1,0,14.929874,4.8353815,5.5196295
5,1404028800,0,0,-1,0,0,6.6438537,-5.4589796,1.5023193
4,1436047200,0,0,-1,-1,0,5.2757483,3.5718653,9.130649
2,1471240800,1,0,-1,3,1,5.023749,-2.014891,5.131491
1,1465732800,-1,0,1,1,0,3.7344704,9.176844,8.383512
2,1438088400,1,0,1,-1,0,15.143301,0.9954475,-0.46182865
3,1502780400,1,0,0,-1,-1,4.161665,2.362359,0.71638286
3,1437404400,1,0,-1,-1,-1,5.657053,16.38925,4.0654025
1,1466874000,1,0,0,-1,-1,3.9529366,9.856503,9.7196245
2,1473476400,1,0,0,-1,-1,3.4448893,-0.18186438,2.8020577
2,1405533600,0,0,1,1,1,14.789819,0.3701171,10.16946
3,1472313600,0,0,0,-1,1,-0.515475,2.3630137,0.54041624
3,1495450800,-1,0,0,-1,1,2.950195,1.3124018,12.166942
3,1471597200,1,0,-1,-1,-1,7.565577,-1.866366,0.43285534
3,1533502800,1,0,-1,0,1,3.8917854,10.678357,4.7963486
3,1469703600,1,0,0,-1,2,10.095159,1.6622119,-2.3231359
4,1440295200,-2,1,0,-1,0,-1.6922799,11.216442,12.822022
2,1466092800,0,0,3,1,0,8.0663185,2.6799707,-2.1394613
5,1440615600,-1,0,2,0,-1,2.017098,12.621,10.742736
3,1533330000,1,0,0,0,1,5.0566335,6.098326,1.6910179
3,1402416000,-1,0,0,0,1,6.230241,10.927806,-2.2997196
2,1433156400,-3,2,3,1,0,2.369298,10.130535,9.108172
3,1405540800,0,0,0,1,1,-4.6874332,9.454546,-3.0363395
0,1404439200,-1,0,0,1,0,13.302241,12.597402,1.4735072
3,1529434800,0,0,1,-1,0,8.052269,8.467215,12.052863
2,1467270000,0,0,-1,1,-1,0.21575375,4.305421,3.9668515
4,1403992800,0,0,0,0,0,3.0924542,14.208782,2.9221694
2,1436176800,0,0,-1,0,1,9.603741,8.606975,0.060280427
0,1404846000,-1,0,0,2,2,7.207179,-1.3171744,-2.7942502
1,1465149600,-2,0,0,-1,0,4.9353127,10.867786,-5.0199
2,1402984800,-1,0,-1,-1,0,-1.3555137,4.3902254,-6.042223
1,1408942800,1,0,-1,-1,-1,2.9457092,-1.5055164,5.3272715
1,1435334400,0,0,0,-1,-1,6.1042304,7.933636,13.354993
4,1403568000,-1,0,-1,3,0,16.217342,4.611516,-2.7205467
2,1438027200,1,0,1,-1,0,-1.9228883,11.687331,2.6962087
3,1564207200,1,0,-1,0,1,-1.6839112,10.095848,1.9821297
3,1403848800,0,0,-1,-1,0,3.2034304,8.20918,8.994739
2,1407247200,0,0,0,-1,0,3.3085258,4.195673,-6.6324024
3,1472698800,1,0,2,2,1,6.567139,-3.7290182,0.44347814
3,1561723200,0,0,-1,-1,-1,5.873331,0.66805464,4.366897
2,1404604800,-1,0,-1,3,-1,-5.3949504,6.030933,-1.9563701
1,1442584800,0,0,-1,-1,-1,7.8609076,6.9593897,-3.1337385
1,1468033200,1,0,0,0,1,4.7098002,7.5342607,11.871562
3,1565067600,1,0,0,0,0,3.159255,9.616953,-2.2272935
1,1442080800,0,0,1,1,0,7.3531995,5.053125,2.3940287
4,1435316400,-1,0,1,-1,2,11.098403,-4.083225,10.710858
1,1406505600,0,0,1,1,0,11.60125,6.491744,-1.074955
2,1408554000,1,0,0,0,-1,-4.8631845,-1.4666108,6.3164396
3,1467223200,1,0,0,0,-1,3.1802192,2.4801366,10.601101
1,1404529200,0,0,-1,-1,-1,14.535286,8.569526,8.533542
0,1434391200,-1,0,-1,-1,-1,13.867919,0.26680562,7.7641892
4,1436079600,0,0,-1,1,0,-0.13637482,10.661676,9.798605
3,1562407200,0,0,0,-1,1,8.212565,4.1792564,3.021687
2,1469379600,0,0,0,0,0,4.7128143,3.682275,3.8719826
5,1442498400,0,0,0,-1,0,-3.8235857,9.8049555,2.5691762
3,1531933200,2,0,0,0,0,6.910657,8.537171,8.990023
1,1405609200,0,0,-1,-1,1,4.5423236,7.318375,12.988422
1,1405688400,0,0,-1,-1,1,2.4199982,4.427851,14.856504
3,1528891200,0,0,0,-1,0,8.494231,9.177192,11.008005
1,1402387200,0,0,-1,-1,0,-0.711557,9.505598,-1.5402713
3,1404493200,0,0,0,-1,-1,14.649285,2.2725089,3.8713
0,1441764000,-1,0,-1,-1,0,0.56527084,-0.3680975,-6.304341
4,1409425200,1,0,-1,1,-2,12.424503,6.7969284,7.520862
1,1408975200,2,0,-1,-1,-1,5.745992,-5.8292747,6.477883
1,1468000800,1,0,0,-1,1,8.898873,10.796816,0.25462472
3,1464501600,-2,0,-1,-1,1,5.346065,1.0291686,8.025818
3,1438858800,1,0,0,0,0,10.166778,4.7455096,-6.360136
3,1472616000,1,0,-1,1,1,6.7311754,10.708565,6.3282123
4,1408827600,1,0,1,-1,-1,-6.463873,2.047196,3.5583177
4,1441843200,0,0,0,1,1,-3.0993059,3.587459,-4.235071
3,1470261600,2,0,0,-1,1,-1.873477,9.257269,5.092569
1,1441497600,1,0,-1,-1,0,6.113017,14.944922,3.2352421
2,1441242000,-1,0,-1,1,0,-6.1249523,2.422016,5.7266736
0,1403762400,0,0,1,1,0,-5.143517,-0.22421698,6.562736
4,1433905200,-2,0,-1,-1,-1,1.7049942,-2.708908,-4.652422
1,1468555200,0,0,0,-1,0,10.506319,9.06974,5.087238
3,1470189600,1,0,-1,-1,1,2.8106267,4.0674767,9.990376
4,1432216800,-2,0,-1,-1,0,2.805657,2.4682238,8.261294
3,1501768800,1,0,0,-1,0,6.0199156,0.6328347,-1.3006575
3,1470772800,1,0,0,-1,0,-4.191153,7.97679,5.458526
3,1594227600,2,0,0,-1,0,1.1802739,3.5417342,6.651294
4,1441879200,0,0,0,-1,1,7.418484,-4.1123776,6.2406816
1,1438070400,1,0,0,-1,0,6.7148967,-2.0299594,12.421089
1,1466337600,0,0,0,-1,0,-2.1454613,10.270032,3.71856
3,1534222800,2,0,-1,3,0,2.35731,5.238338,0.86965305
3,1502902800,2,0,0,-1,-1,6.008525,1.3169377,0.6989171
3,1470801600,1,0,-1,-1,0,-4.099174,7.467527,6.3544326
3,1495342800,-2,0,0,-1,1,-0.018150706,1.7933035,9.139676
3,1593813600,1,0,0,-1,1,0.7063656,2.402007,5.732499
3,1407729600,1,0,1,0,-1,-1.1070338,-3.4189148,1.8285165
1,1443513600,0,0,-1,-1,-1,12.020766,4.331614,5.1440244
5,1403456400,0,0,0,-1,0,0.69875324,8.464659,3.8154547
4,1432375200,-2,0,0,0,0,3.4710472,12.104424,-2.7632065
2,1471287600,1,0,2,0,0,5.4807224,8.202262,12.621354
4,1437264000,0,0,0,-1,1,5.822742,-0.522832,13.230032
1,1401314400,-1,0,0,0,1,5.2461376,9.624038,1.2355623
4,1405976400,-1,0,0,-1,1,-3.0420887,3.4554706,9.684065
0,1441519200,0,0,-2,0,0,16.179174,9.354995,0.96941125
2,1405321200,-1,0,-1,1,2,9.426327,-3.442611,10.963016
2,1469642400,0,0,0,2,0,11.480643,4.7586355,6.745038
3,1529445600,0,0,1,-1,0,8.291624,8.826237,12.144258
4,1403244000,-1,0,0,-1,1,-2.377562,5.5817924,-2.7217107
3,1497027600,0,0,0,-1,0,1.5272945,0.6000357,9.810418
2,1402927200,0,0,-1,1,0,5.1714473,4.9285164,-2.0792665
5,1434754800,-1,0,2,0,1,0.7884028,6.689129,-8.038362
1,1403715600,0,0,0,0,0,-1.6805676,13.106058,10.209579
3,1470596400,2,0,1,-1,0,4.5688987,0.5331179,6.137109
2,1406530800,-1,1,4,2,0,1.3073602,-2.0713632,14.489451
5,1439866800,0,0,-1,1,0,14.075248,1.2248682,3.09481
4,1407888000,1,0,2,2,0,0.9420048,12.691108,1.6829021
3,1565751600,1,0,1,0,-1,4.84971,7.569279,0.20113213
4,1438783200,1,0,0,1,2,2.2672002,11.465422,6.5328875
2,1441674000,-1,0,-1,2,0,12.999518,2.129356,0.20460686
0,1432062000,-2,0,0,-1,1,-0.88984966,5.6014123,3.5212772
3,1472482800,2,0,0,0,1,10.116871,8.97371,3.7312922
3,1505077200,0,0,0,-1,-1,0.44239354,8.588865,7.8204203
1,1440856800,0,0,0,-1,0,8.530988,-1.2374538,3.2149067
3,1560510000,-1,0,0,-1,1,7.7105074,1.6033744,0.711476
4,1406797200,0,0,-1,-1,0,-2.9393873,6.372976,0.23237485
2,1464292800,-2,0,-1,1,2,9.005222,-0.38484216,8.983152
2,1440046800,-2,0,-1,1,1,3.751305,16.701523,7.5727196
1,1434931200,0,0,-1,2,-1,14.3233595,7.065993,9.734005
1,1472076000,0,0,-1,1,0,2.5459294,5.292238,-5.12151
2,1408942800,1,0,0,0,-1,2.9102836,-1.5371186,5.274013
3,1500584400,1,0,0,-1,3,5.9917307,6.3977084,4.2636256
0,1441004400,0,0,-1,2,0,-5.3165402,9.153574,5.18569
1,1404446400,0,0,-1,-1,-1,12.305019,2.6319273,8.895745
3,1501704000,1,0,0,-1,0,5.873597,1.6165906,-1.3732858
2,1433001600,-2,0,4,1,0,-2.0856464,4.049516,-3.6333575
3,1468310400,1,0,0,-2,1,4.230132,-0.054174945,-1.9099746
1,1468087200,1,0,1,1,1,-4.2366557,2.1992362,2.5687523
1,1436688000,0,0,-1,-1,1,10.862307,7.4529257,13.852844
3,1499328000,0,0,0,-1,0,6.7352495,4.2019315,6.818815
5,1405947600,0,0,-1,0,0,9.181986,-5.4938293,8.226691
4,1433804400,-2,0,0,0,-1,9.377659,3.2145083,-3.0564284
0,1440680400,-1,0,-1,0,0,-3.031888,15.094087,4.3631043
0,1436504400,0,0,-1,-1,0,4.1643844,5.574115,-0.7288787
3,1438477200,1,0,-1,-1,1,13.435306,11.285096,1.865218
3,1529769600,0,0,0,0,-1,11.028555,7.6048107,8.113395
3,1531908000,1,0,1,1,0,8.260548,7.5329714,9.527087
0,1435046400,-1,0,1,-1,-2,3.4668272,-0.7902539,4.7921877
1,1436281200,0,0,1,2,1,10.997482,15.0397,5.939031
3,1561402800,-1,0,-1,3,0,10.612748,3.5194519,3.7103782
4,1402984800,-1,0,0,-1,1,-1.3997512,4.363983,-5.9981213
2,1434322800,-1,0,-1,3,-1,11.2069645,-1.8828471,7.2775893
3,1561215600,0,0,0,0,0,9.014686,0.12691993,4.0685
5,1434344400,-1,0,-1,1,1,5.96142,-5.91989,9.238466
3,1559253600,-1,0,0,-1,0,9.588395,-2.4661803,1.6831502
1,1472382000,0,0,0,-1,0,1.8871628,1.234119,8.982455
5,1436328000,-1,0,4,1,0,9.921092,13.558423,2.6141326
5,1405677600,0,0,-1,0,0,8.366791,-3.15389,9.56543
1,1403841600,0,0,-1,-1,-1,2.621821,-3.5114074,13.071916
1,1470726000,1,0,1,-1,-2,7.3954563,5.8904333,6.122327
1,1465120800,-1,0,-1,-1,0,3.2250543,12.612127,0.82582915
2,1402009200,0,0,-1,-1,1,9.027332,9.197529,0.74407196
0,1435197600,-1,0,-1,1,-2,10.006313,-5.036939,0.01942177
1,1473958800,1,0,4,-1,-1,3.4343915,4.0657616,-2.7195182
3,1465822800,-1,0,0,0,0,9.778096,7.7468095,2.6971374
2,1404230400,-1,0,-1,3,-1,-1.1979836,-2.7233787,2.7469416
5,1438729200,1,0,1,-1,1,0.7549807,5.878721,-4.341065
5,1440781200,-1,0,0,0,-1,4.082598,9.745835,-4.5286236
5,1439726400,1,0,0,0,0,0.96146667,14.027997,10.499141
3,1567954800,-1,1,0,0,-1,2.4929767,9.142055,0.030810116
3,1471485600,1,0,-1,-1,-1,1.8913707,6.2275496,10.110828
0,1438970400,1,0,0,-1,-1,12.16053,3.0098758,2.1814406
1,1472176800,0,0,-1,0,0,-2.276255,7.6246543,6.2520356
3,1441386000,1,0,0,0,2,8.870006,2.9553962,-5.48108
3,1464609600,-1,0,0,-1,1,4.680299,2.4765713,12.102264
3,1498006800,-1,0,0,-1,2,5.090001,5.2275167,4.918275
3,1436158800,0,0,-1,3,0,-2.136853,10.425908,9.180761
3,1402848000,-1,0,0,-1,0,-3.752904,4.936152,0.77211004
1,1438772400,1,0,-1,3,0,10.462873,-1.6612064,12.005619
0,1432310400,-2,0,0,-1,0,14.440731,0.10848447,5.8100324
1,1436612400,0,0,-1,0,1,6.468604,0.70045704,11.171459
1,1465254000,-2,0,0,0,0,5.9166036,2.8756213,13.03121
4,1435219200,-1,0,-1,0,-2,6.863898,13.86191,10.241385
3,1562522400,0,0,2,1,1,6.2902236,1.4412309,-0.35589528
0,1433959200,-1,0,0,-1,-1,11.820566,6.871424,0.710821
3,1468458000,1,0,-1,-1,1,12.942295,3.8025625,5.6369505
2,1473660000,0,0,0,0,-2,-2.7155406,4.851726,8.850744
3,1530522000,0,0,-1,1,1,7.594922,5.19731,9.239071
1,1402538400,-1,0,-1,0,0,5.596874,11.607317,3.968005
3,1434600000,-1,0,-1,0,1,1.1909268,1.7308005,15.149207
4,1405566000,0,0,0,0,1,3.1113322,9.995717,6.57648
5,1441011600,0,0,-1,0,-1,4.334951,-2.8886962,1.7302433
0,1438502400,1,0,-1,-1,-1,-0.52893645,1.8226417,14.827791
4,1407823200,1,0,2,0,0,4.507467,13.91894,3.6389909
3,1567681200,-1,0,0,0,0,2.8834543,10.69841,4.0664086
1,1432566000,-1,0,-1,-1,0,13.547316,1.4222249,3.961265
3,1406656800,0,0,0,-1,0,-4.758681,4.208425,9.655765
3,1497196800,0,0,0,-1,-1,2.2045746,-1.3921204,10.159174
2,1465542000,-1,0,-1,-1,0,0.04172019,7.7647843,10.047376
3,1496494800,-1,0,0,-1,0,2.4763222,-2.257203,7.6144423
2,1401825600,-1,0,0,0,1,7.5259485,9.73437,7.1195507
3,1467133200,0,0,2,1,-1,1.6287404,4.852396,-0.22264183
3,1403841600,0,0,0,0,0,2.8280735,-3.4494076,13.255764
3,1441785600,0,0,0,0,1,3.8476427,-1.4995207,-6.7256365
5,1403424000,0,0,0,-1,0,12.036241,5.735245,2.203741
4,1438948800,1,0,1,-1,1,9.519635,-0.20463686,9.112409
3,1496124000,-1,0,0,-1,0,2.2568486,0.68540645,12.250936
0,1403514000,0,0,0,-1,0,7.845496,13.4051285,-1.056447
3,1529568000,0,0,0,-1,0,10.316367,6.6524124,9.31869
1,1438437600,1,0,0,-1,0,-7.0078626,7.9885464,4.608931
2,1436896800,0,0,3,0,0,3.271453,-3.8022637,1.6951317
3,1563094800,1,0,0,1,0,8.6921215,3.7808487,0.26441413
0,1432188000,-3,0,0,0,1,-3.801154,-2.617223,0.42446876
2,1440900000,-2,0,0,-1,0,5.981,-1.4386315,-5.725601
4,1408968000,1,0,0,-1,-1,-0.78197944,-0.54445124,-4.1613693
1,1471341600,1,0,0,0,1,10.982386,8.867904,7.8051076
2,1473354000,1,0,-1,4,-1,5.200014,9.075038,-3.0803497
3,1503468000,1,0,0,-1,1,-0.51631176,10.669394,7.088777
1,1438743600,1,0,0,-1,0,4.2308927,-1.538764,10.439387
3,1434578400,-1,0,-1,-1,1,-2.3743474,3.0331147,-1.9269359
3,1500868800,1,0,0,-1,1,2.8829956,-0.4862488,-0.4551309
3,1564131600,1,0,-1,1,1,0.13774899,10.473663,2.509644
0,1434499200,-1,0,1,0,-1,-3.077498,8.2093,3.10682
0,1403827200,0,0,0,-1,0,15.81403,4.2653666,5.4994125
3,1501909200,1,0,0,-1,0,4.9919076,2.6662657,-2.112076
5,1403434800,0,0,-1,0,0,12.991337,9.163088,7.6143923
0,1440543600,-1,0,0,1,0,13.951885,7.9336596,6.69925
3,1407826800,1,17,1,1,-1,10.555971,-3.1831415,11.677061
3,1533751200,2,0,1,0,0,5.012753,8.676975,5.02309
3,1567317600,-1,0,0,0,0,2.378678,6.005805,0.9143426
4,1439287200,1,0,1,-1,1,8.230875,0.6816779,15.617727
2,1409288400,1,0,1,0,-1,-0.40477052,-1.7852907,1.1656035
3,1565150400,1,0,-1,-1,0,0.6742398,6.940165,-1.6709077
4,1403290800,-1,0,1,-1,1,8.748773,4.6504416,-5.057736
3,1501966800,1,0,0,-1,0,5.429887,2.7124157,-3.8215318
2,1405497600,-1,0,1,1,1,10.3116665,3.469422,-3.5172536
3,1568192400,0,0,-1,-1,-1,0.21026678,6.6403875,0.24150538
2,1440439200,-2,0,1,-1,1,12.940782,5.4664536,9.787566
3,1593921600,1,0,0,-1,1,0.24997412,2.784389,6.6700525
3,1402632000,-1,0,0,-1,1,4.995541,-4.436612,1.8432935
0,1405951200,1,0,-1,0,0,0.50605935,3.7515056,4.3195577
5,1438704000,1,0,0,-1,1,3.2094235,-3.0608163,10.295055
1,1435878000,0,0,1,1,2,-1.0182756,5.36185,12.65793
2,1409130000,1,0,0,-1,-1,13.637397,11.388095,5.0453434
1,1471395600,2,0,0,0,1,2.199927,9.434099,3.3871605
2,1435460400,-1,0,1,1,2,-0.2624791,15.314324,0.68261176
1,1440302400,-1,0,0,-1,1,1.9001611,0.48036566,7.0507493
4,1435320000,-1,0,1,-1,2,14.322663,-0.21025665,2.2200384
3,1466607600,0,0,-1,-1,0,10.988773,2.8155959,2.238547
2,1406916000,0,0,-1,1,0,-1.7297454,12.872419,-0.05631249
0,1440064800,-2,0,-1,3,1,-1.9652278,11.215087,-3.6595078
3,1466049600,0,0,-1,-1,0,9.793352,6.4253516,5.7356043
3,1501156800,1,0,0,-1,1,3.409987,2.5137963,-4.0009146
2,1435464000,-1,0,1,1,2,5.9614244,13.825879,6.077884
3,1469880000,1,0,1,1,1,6.233123,7.9500313,7.553993
2,1402639200,-1,0,0,-1,0,8.945155,13.799198,9.146963
1,1468270800,1,0,0,-1,1,-1.0894556,-1.2240777,9.902009
3,1495692000,-2,0,0,-1,1,-0.5683739,-0.24433507,11.134116
5,1439553600,1,0,0,1,0,16.205484,2.5500174,4.6932907
3,1567328400,-1,0,0,0,0,2.8163302,5.9380946,0.9774173
3,1471161600,1,0,0,0,0,4.276572,-1.207682,4.2197266
2,1470416400,2,0,0,1,2,1.767646,2.8646,4.889433
1,1403071200,0,0,-1,1,0,-5.4478555,7.9458575,4.994253
3,1466132400,0,0,1,0,0,2.0151625,11.859628,-1.9997125
0,1436036400,1,0,0,-1,1,7.948238,2.3843875,-6.561327
0,1403946000,0,0,-1,1,0,7.048545,12.331148,14.317671
1,1438153200,1,0,-1,-1,0,1.4576105,1.5650711,-3.1529403
3,1621342800,1,0,-2,0,2,7.6717668,5.701023,7.843781
1,1437195600,0,0,-1,1,0,-1.4138983,8.774954,10.430123
2,1407405600,1,0,0,-1,0,-4.8729873,5.487772,5.6036725
0,1439510400,1,0,-1,0,2,-5.988133,9.903549,7.053228
1,1407546000,1,0,0,0,0,7.8951087,2.495036,14.279407
2,1473008400,1,0,0,-1,-1,1.9267427,11.242574,3.967238
0,1433473200,-2,0,0,-1,0,-2.2804024,-5.1127796,2.8704743
5,1439874000,0,0,-1,3,0,3.993245,14.306806,6.8927937
3,1464476400,-2,0,-1,-1,1,5.6894298,1.4656798,9.830076
3,1626192000,1,0,0,-1,0,7.3495913,8.303063,2.7218235
3,1439485200,1,0,-1,-1,0,8.381736,-4.2089868,11.991071
3,1561219200,0,0,0,-1,0,9.1324,0.22316226,3.9424586
0,1437001200,0,0,1,1,0,-1.2312012,11.693753,11.146048
3,1471183200,1,0,0,-1,0,2.9896858,-0.7626597,-1.8884425
1,1469775600,1,0,0,1,-1,6.221168,9.756251,4.4037356
0,1440691200,0,0,-1,1,0,12.265972,6.4363594,-3.808159
4,1435248000,0,0,0,4,2,2.793478,-2.194718,-2.7975948
1,1437544800,1,0,-1,-1,0,-1.4139177,12.683468,3.5187862
3,1504670400,0,0,0,-1,0,1.1945131,6.682674,10.769874
0,1439546400,1,0,-1,1,2,0.5147059,-4.27454,6.5812316
1,1404147600,0,0,-1,-1,-1,4.5621324,9.619956,13.9355
3,1504630800,0,0,0,-1,0,0.58850044,6.592738,8.76539
3,1468627200,0,0,1,1,0,6.9671063,5.898259,-4.3408084
3,1434812400,-1,0,0,-1,1,2.412742,10.279048,-4.3034725
3,1622134800,-2,0,4,1,0,6.9616895,5.632759,7.8941994
1,1408755600,1,0,-1,-1,-1,-3.807264,2.115108,12.606271
3,1404212400,0,0,-1,-1,0,-4.489195,8.06776,2.7050762
2,1469412000,-1,0,-1,2,0,5.8778377,4.115485,3.7083294
3,1469098800,1,0,-1,-2,0,8.738208,13.01186,4.423217
3,1630047600,1,0,0,0,0,3.3462255,2.6737382,0.19376928
3,1564038000,0,0,-1,0,2,0.8318507,10.193561,-0.19651717
1,1407027600,1,0,-1,0,0,6.00062,2.8078036,-6.214074
4,1405051200,-1,0,0,4,2,15.446311,-0.50040776,6.7002115
5,1434650400,-1,0,0,-1,1,7.1411033,11.539762,8.526693
3,1624770000,-1,0,-1,-1,0,-0.14641152,0.597923,5.468277
3,1622412000,-2,1,0,-1,0,9.075972,3.427279,7.299824
5,1406026800,-1,0,-1,1,0,5.7224293,-4.9332995,12.247777
2,1407168000,0,0,-1,-1,0,-5.265159,4.3007407,7.1473613
3,1563580800,1,0,-1,3,-1,6.6684875,4.0247564,0.27913207
1,1470427200,2,0,1,-1,-1,1.7416071,2.921446,4.7288733
3,1526479200,1,0,-2,1,-1,7.4024067,10.525603,9.03671
0,1438142400,1,0,-1,1,-1,14.32248,-1.1510887,1.4263691
2,1407398400,1,0,0,-1,0,7.163922,3.8154423,-6.5496836
4,1402952400,-1,0,0,-1,1,5.025693,-4.08039,3.956565
5,1403902800,0,0,0,0,0,11.654712,8.234338,7.7119145
3,1473109200,1,0,-1,-1,0,0.6472761,0.8264728,4.641633
2,1434466800,-1,0,2,0,-1,0.68305665,-4.397835,-0.7261667
1,1436054400,1,0,-1,-1,1,5.6965704,7.4565835,-2.9775186
3,1565496000,1,0,-1,1,0,2.2281644,9.420478,2.5772715
2,1469530800,0,0,-1,0,0,11.0238495,9.239698,2.690072
3,1466971200,1,0,-1,0,-1,9.518972,9.661959,2.7619197
3,1439870400,1,0,-1,-1,0,9.057193,13.886086,3.189616
3,1440388800,-1,0,-1,0,-1,2.6710641,1.7980752,14.205322
1,1439830800,1,0,-1,-1,1,4.5096936,-3.175836,-4.545303
2,1402668000,-1,0,0,-1,0,-6.220315,8.093117,2.5418057
3,1564974000,1,0,-1,-1,0,1.1430881,10.3608055,-1.8522043
3,1530752400,0,0,-1,-1,1,7.495812,5.009031,12.978481
1,1405702800,1,0,0,-1,1,0.9175445,-1.5502838,-5.588443
2,1401490800,-1,0,0,-1,1,5.7756834,12.691614,2.4983947
1,1472616000,1,0,0,-1,0,6.6579103,10.790086,6.3564315
4,1407261600,1,0,1,-1,0,2.2761657,14.142634,4.4224143
2,1469628000,0,0,-1,-1,0,12.209968,4.841668,6.5985317
1,1472140800,0,0,0,-1,0,3.630096,3.4767492,-5.702485
2,1404889200,-1,0,0,-1,-1,-5.0708227,-2.6257274,1.4571732
2,1439078400,0,0,1,-1,-1,1.4435755,-4.907765,6.2376637
2,1434934800,-1,0,-1,0,-1,6.821548,16.886862,2.8098836
3,1532858400,1,0,-1,0,2,3.9754303,12.200431,4.1783085
2,1405728000,-1,0,-1,0,1,7.2396097,-7.3942556,4.3441453
2,1464724800,-1,0,0,1,1,6.1892724,1.8871424,8.863044
2,1409011200,1,0,-1,3,-1,7.1465573,8.683266,14.225436
4,1408932000,1,0,0,-1,-1,6.178161,1.2275486,-4.6406317
3,1559516400,-1,0,1,-1,0,6.8909044,-0.9794449,4.6303697
1,1435442400,0,0,0,0,-2,7.1856112,4.6957,3.0170186
3,1470175200,1,0,0,-1,1,2.1362314,3.3902478,9.903396
2,1471399200,1,0,-1,1,0,2.3656473,9.052315,3.607979
3,1470726000,1,0,0,-1,0,7.3856206,5.8866787,6.180198
4,1403024400,0,0,0,3,1,-3.9957702,0.6391242,3.2335842
5,1443229200,0,0,2,0,0,12.064632,7.318566,4.164794
2,1405861200,0,0,0,-1,1,0.84670275,-2.0228345,-1.4809794
3,1499590800,1,0,0,-1,0,3.4216294,3.8751662,5.335336
1,1432728000,-1,0,-1,-1,0,6.0438094,4.006238,-2.3344653
1,1407193200,1,0,-1,-1,0,3.4345405,-2.5291998,0.23461194
1,1442761200,0,0,0,1,-1,13.880669,3.5209043,4.1961374
3,1409050800,1,0,0,-1,-2,-2.4882162,10.538169,9.817976
2,1433206800,-3,2,2,0,0,12.36896,2.1960092,-0.9745683
1,1469894400,1,0,1,1,-1,6.479199,8.764048,8.155102
1,1440000000,0,0,-1,-1,1,11.355074,12.374638,6.4204564
2,1435377600,-1,0,2,-1,2,-1.7880695,7.0726457,0.12947667
3,1471352400,1,0,0,1,-1,-0.14866824,5.0297256,9.410592
3,1621911600,-2,1,-1,0,1,6.580215,6.63732,7.255915
5,1434589200,-1,0,0,-1,1,-0.5595916,15.602434,5.27825
1,1466510400,0,0,-1,-1,-1,2.3796325,12.771814,5.6759567
3,1503399600,1,0,0,-1,1,1.045714,11.719529,8.079564
3,1594306800,2,0,0,0,0,-2.428274,3.855256,4.448594
4,1406329200,-1,0,-1,3,0,13.669166,6.175403,12.031885
3,1501596000,1,0,0,-1,0,4.9193516,-0.44556463,-2.1545935
3,1472673600,1,0,2,2,1,5.0821557,3.611412,7.741202
4,1434589200,-1,0,-1,1,-1,-0.5978909,15.584812,5.2598624
1,1472954400,1,0,1,-1,0,4.729393,-2.702231,-0.4253332
3,1561582800,-1,0,-1,-1,0,9.457194,-1.0194014,1.044375
4,1433163600,-3,3,2,-1,0,-1.0960071,6.8940997,5.1121535
3,1561269600,-1,0,-1,-1,0,10.264254,2.112158,2.6458488
3,1404975600,-1,0,-1,-1,2,14.206038,4.957635,7.645763
3,1532599200,1,0,0,-1,-1,6.147839,8.914615,6.7735972
2,1407232800,0,0,0,-1,0,-3.1353533,4.9522266,1.3258575
2,1473692400,1,0,0,-1,-2,3.4282444,8.736154,11.6782465
3,1622343600,-2,1,2,0,0,7.839294,3.5817933,7.4385653
1,1432591200,-1,0,-1,-1,0,0.2566709,13.960294,2.5446084
3,1627959600,1,0,0,1,0,1.5538498,4.992548,5.9085917
3,1594288800,2,1,-1,-1,0,-1.7651092,3.7966697,4.6456714
1,1443348000,0,0,0,-1,-1,14.307432,8.428608,3.75082
3,1495501200,-2,0,0,-1,1,2.6158962,0.35132638,12.613322
3,1528164000,-1,0,-1,0,2,6.824839,9.21025,11.215303
3,1503223200,1,0,0,-1,2,7.338775,2.5249476,-0.6110966
1,1443013200,0,0,-1,-1,-1,14.312089,5.70186,4.7182336
3,1624600800,0,0,-1,3,1,1.6190155,1.0880344,5.6680584
0,1437516000,1,0,0,-1,0,4.930275,15.026525,-2.2708194
3,1564372800,0,0,-1,-1,1,2.376336,6.945981,-0.5237078
1,1434268800,-1,0,-1,-1,0,-2.5486274,7.048692,-1.8604578
3,1473372000,1,0,0,-1,0,1.1759201,11.066411,0.23061888
2,1465556400,-1,0,-1,-1,0,-0.10596944,8.010782,9.600903
1,1434668400,-1,0,0,0,-1,3.2762246,7.3348026,-4.7280965
1,1407279600,1,0,0,-1,0,2.2614117,-4.601304,7.434139
3,1472007600,0,0,0,-1,-2,0.4731885,6.586673,5.0043406
1,1401303600,-1,0,0,0,1,4.873542,10.340895,1.294044
3,1438812000,1,0,0,-1,0,5.2125463,-7.0984917,5.605439
3,1528610400,-1,0,-1,0,1,8.022404,8.343522,13.305137
3,1466647200,0,0,0,-1,0,1.1251763,0.8669064,2.9330385
3,1471892400,0,0,0,0,-2,2.4313643,-1.4739556,2.37891
5,1435910400,0,0,1,0,0,0.37873316,4.7023864,-3.9831688
3,1562864400,1,0,0,0,0,6.0726223,1.5538467,1.0420616
3,1531450800,1,0,-1,-1,0,5.216056,6.351379,11.503198
3,1465905600,0,0,0,0,0,0.97780454,3.2610517,11.72908
3,1502431200,1,0,0,-1,0,2.3412933,3.3540428,-1.4228002
4,1408165200,1,0,-1,-1,-1,6.8466954,-3.5985584,2.6987054
3,1497020400,0,0,0,-1,0,1.6267104,0.33166713,9.689609
3,1405170000,0,0,-1,-1,1,13.228221,-1.263419,-2.6693175
3,1403442000,0,0,0,-1,0,2.344092,11.990191,10.458926
0,1441706400,0,0,-1,-1,0,12.682379,2.593138,4.456366
0,1403456400,0,0,0,-1,0,0.7318432,8.473178,3.704893
2,1469772000,0,0,2,0,-1,6.2359815,10.05004,4.233061
2,1437037200,0,0,1,0,0,3.205439,8.7842045,14.144585
3,1593806400,2,0,0,-1,1,0.98898715,2.3247263,5.6580186
4,1405584000,0,0,-1,0,1,9.547273,9.456127,-5.947182
0,1433023200,-2,1,4,2,0,6.179602,1.872065,5.006591
0,1441234800,0,0,-1,0,0,1.5474257,2.1854074,7.559205
1,1438074000,1,0,0,-1,0,2.5942492,5.392326,15.572501
1,1438210800,1,0,0,0,0,-3.5665,0.29707384,8.307204
0,1437094800,0,0,0,-1,0,-3.6328278,11.170466,7.8674703
3,1501545600,1,0,0,-1,0,3.8354273,-1.4249825,-0.7941191
1,1401408000,-1,0,0,0,1,5.3282223,7.0444565,3.6571424
2,1473307200,1,0,-1,0,-1,1.5745214,-1.6211019,5.592689
2,1437422400,0,0,-1,1,0,-1.3916525,5.5669837,-1.9846481
1,1403492400,0,0,-1,-1,0,4.9456873,-7.3614154,7.132059
5,1405810800,0,0,0,0,0,13.256521,9.505138,5.5224
0,1406091600,-2,0,4,2,0,2.5238643,11.614726,13.032327
1,1407268800,1,0,0,-1,0,0.6602295,14.0491495,9.259779
3,1407902400,1,7,1,2,-1,4.7280354,12.776747,6.6454716
4,1409166000,1,0,1,-1,-2,8.192285,8.305294,6.8649354
2,1472140800,0,0,0,0,0,3.6435175,3.4629743,-5.54122
3,1498035600,-1,0,0,-1,2,5.865964,6.3192816,5.0270863
1,1465423200,-1,0,1,-1,0,2.4611673,4.5783997,-1.182056
3,1408129200,1,0,0,0,-1,0.915252,0.9581841,-6.770649
2,1433217600,-3,2,1,0,0,11.91163,4.809593,12.482186
3,1403128800,-1,0,0,0,0,3.283476,15.309361,7.1844654
4,1433271600,-1,0,0,0,0,-1.4484087,7.0354257,7.382369
4,1438999200,0,0,1,-1,1,-1.3982046,1.802936,7.649729
3,1560387600,-1,0,-1,2,2,7.855672,0.42995763,-0.6639368
2,1440277200,-2,0,0,-1,1,4.293695,5.358748,1.0675355
1,1432083600,-2,0,1,-1,1,-0.26222476,14.563124,0.7363578
1,1471734000,0,0,0,0,1,6.9598737,2.3612075,6.9062862
1,1406656800,0,0,-1,-1,0,-4.7939487,4.2474685,9.62561
0,1436799600,0,0,-1,-1,0,3.8274102,10.95294,14.018478
3,1562112000,0,0,0,0,2,9.438823,3.194632,3.736869
2,1470409200,1,0,0,-1,2,1.9563802,2.5782785,5.251577
1,1437451200,0,0,-1,-1,0,11.305146,1.5148319,10.439747
3,1405972800,1,0,0,-1,0,8.939613,0.9757443,11.353648
4,1405353600,-1,0,0,-1,1,6.621007,5.0920615,-2.130846
1,1437328800,1,0,0,-1,0,2.2412798,1.1425779,3.5181224
1,1432843200,0,0,0,-1,0,3.4305563,12.010975,11.180934
3,1439884800,1,0,-1,-1,0,-1.480777,6.0706296,11.876159
1,1437638400,1,0,-1,2,0,-2.719336,0.960121,7.6758437
3,1405526400,0,0,1,1,1,9.395678,1.8617847,11.699291
2,1464969600,-1,0,0,-1,1,3.5675719,0.15052098,7.473025
2,1403416800,-1,0,0,-1,0,11.256807,4.145037,9.512989
3,1624485600,0,0,0,-1,1,3.59565,1.5055777,7.6362486
3,1560240000,-1,0,0,0,-1,11.159165,2.497071,0.20031035
4,1435568400,-1,0,-1,-1,1,4.3778043,-6.767584,9.890383
5,1405227600,-2,0,-1,4,1,4.919768,7.5886316,-8.0270605
3,1502766000,1,0,0,-1,-1,3.5697434,2.4281232,0.9576501
3,1435669200,0,0,-1,-1,0,-0.85738343,14.925841,9.588063
2,1403730000,0,0,2,0,0,-2.665152,2.924241,-1.7403471
2,1467036000,1,0,0,-1,-1,10.8299465,11.638325,1.26976
2,1472047200,-1,0,0,0,0,3.4612637,4.812912,-4.0988016
3,1439154000,1,0,0,-1,0,4.767202,12.339509,9.310909
3,1468170000,1,0,1,-1,1,-0.5933223,6.4317327,3.0907037
1,1465243200,-2,0,0,0,0,3.1793041,-0.32150507,6.5369334
3,1409058000,1,0,0,-1,-2,1.9174643,-4.210868,-1.8660431
3,1467918000,1,0,0,-1,2,7.7835717,8.756241,0.99747777
0,1407168000,1,0,-1,-1,-7,-5.1992555,4.2711315,7.1683674
4,1439708400,1,1,-1,1,0,1.6528604,-3.43615,8.078864
1,1437850800,1,0,0,-1,0,16.003906,1.9315333,8.779154
3,1560538800,-1,0,0,-1,1,8.121318,2.03401,0.8220249
3,1468656000,0,0,0,0,0,7.0454,-0.04696221,-2.2432897
3,1466823600,1,0,-1,-1,-1,7.057008,3.236497,8.832565
3,1468400400,1,0,-1,-1,1,0.8568732,-3.664391,0.7816084
3,1464346800,-2,0,-1,-1,2,9.032637,0.8396135,9.94812
1,1401523200,-1,0,-1,-1,1,5.3482604,12.852921,1.4126853
5,1406203200,-6,0,3,0,0,-3.6135654,-0.378836,8.443256
3,1533985200,2,0,0,-1,0,3.2289011,6.057292,2.5850203
3,1533610800,1,0,-1,0,0,4.6459627,10.129315,5.514013
1,1436968800,0,0,0,-1,1,1.1647154,9.436381,-6.282937
2,1436479200,-1,0,0,-1,0,9.289061,11.268848,-3.6599798
5,1440871200,-1,0,0,0,-1,10.57552,5.9514227,5.8759236
2,1401879600,-1,0,1,-1,1,8.000472,11.487304,4.6035028
3,1465448400,-2,0,0,1,0,10.658374,7.468493,1.6382947
0,1439240400,1,0,0,0,-1,12.185352,2.713997,4.071459
3,1468180800,1,0,0,-1,1,-0.7189521,6.7697053,3.3096616
4,1432170000,-3,0,0,1,0,-2.6902485,4.989566,-2.2790563
0,1433116800,-2,1,2,1,0,7.1067924,8.447633,-3.7315435
5,1436824800,0,0,-1,1,-1,4.090633,2.4096296,9.379286
1,1438729200,1,0,0,-1,0,0.6860443,5.8166265,-4.3632016
3,1593745200,1,0,-1,1,2,1.6510521,0.720654,4.3394933
4,1434560400,-1,0,0,3,-1,-3.643035,1.5849501,9.833093
4,1403661600,0,0,-1,-1,0,0.7800746,3.0803864,-1.3203603
3,1563897600,1,0,1,-1,-1,2.8250751,11.073285,1.6631844
3,1565492400,1,0,-1,-1,0,2.224886,9.405836,2.707916
2,1406066400,-2,0,-1,4,1,9.8407,4.0849543,13.900237
3,1564059600,1,0,0,-1,2,0.49480036,10.469474,0.37052342
3,1622138400,-2,0,4,1,0,6.944411,5.7301416,7.939614
1,1473984000,1,0,4,-1,-1,4.4486833,4.5876236,-1.4997814
3,1404511200,0,0,0,-1,-1,6.809158,10.760161,14.803835
1,1439470800,1,0,-1,-1,3,6.6351604,4.3149743,14.510719
0,1435960800,0,0,0,-1,1,14.309387,0.4384647,4.341021
2,1438117200,1,0,0,-1,0,14.372707,4.988997,-3.2443779
5,1405540800,0,0,1,1,0,-4.708455,9.439388,-3.0360074
0,1434445200,-1,0,2,-1,-1,-6.401826,6.429752,9.492071
3,1530709200,0,0,0,-1,1,8.429302,4.669385,12.070154
3,1504839600,0,0,0,-1,0,0.94997776,5.929931,7.7106776
4,1434546000,-1,0,0,0,-1,-0.736059,8.323865,11.244856
3,1564470000,0,0,0,-1,1,0.21441114,8.238924,0.94705003
3,1564617600,1,0,1,0,0,-2.065313,8.824574,0.9640126
2,1440428400,-2,0,0,-1,1,13.290085,2.6826372,8.641096
1,1469739600,1,0,0,0,-1,-1.6993392,8.53871,-1.093741
3,1473955200,1,0,0,-1,-1,3.3177867,3.9571843,-2.7892354
2,1468630800,0,0,3,1,0,6.849222,5.967646,-4.3483586
5,1439719200,1,0,0,-1,0,-0.7788122,11.574953,8.644148
3,1407157200,1,0,-1,-1,0,13.51217,7.376443,2.105173
3,1503090000,1,0,0,-1,3,4.466657,2.3592029,-2.8782053
3,1436634000,0,0,0,-1,0,-0.72787094,11.746305,12.057367
2,1471687200,0,0,0,0,0,5.3636827,0.7778018,7.4883657
0,1406739600,0,0,0,-1,-1,1.1223688,14.705095,6.025563
2,1466132400,0,0,3,1,0,1.9590967,11.786913,-1.8924792
5,1402876800,-1,0,-1,0,1,-2.1834254,-1.1382984,8.610874
0,1439773200,1,0,-1,1,1,3.1402225,11.416842,7.4853115
1,1443290400,0,0,1,-1,-1,13.676418,7.6063,5.3370376
5,1404928800,0,0,0,-1,1,3.3001306,9.070583,-3.939323
0,1436842800,0,0,-1,-1,0,-2.4041512,-1.1821692,5.6697874
2,1468144800,1,0,1,1,1,4.585868,3.0403035,2.2964027
1,1401350400,-1,0,0,0,1,6.0808697,8.02235,1.4023302
1,1404320400,0,0,0,0,-1,6.617047,-1.6794647,-2.2167957
2,1441828800,0,0,1,0,0,3.141467,0.72107553,7.89841
3,1498410000,0,0,0,-1,1,7.0065637,5.87548,5.514108
2,1439733600,1,0,0,1,2,-4.001451,6.6346116,-3.244099
1,1471953600,0,0,0,-1,0,5.2199225,-0.8551993,12.217517
5,1405087200,0,0,-1,0,1,13.024153,9.321997,2.551545
2,1440410400,-2,0,-1,3,1,-0.07853992,-2.2308264,-2.1518023
2,1402081200,0,0,0,0,1,6.5653806,4.937766,-1.0140353
3,1466470800,0,0,-1,-1,0,3.540957,6.127814,4.9227242
3,1470672000,2,0,0,0,0,2.5759058,-0.934362,-3.0153232
2,1436536800,0,0,-1,-1,0,1.0256541,-0.042199247,-1.4588212
5,1404169200,-1,0,2,-1,0,-0.50652,0.6011202,-0.28070584
0,1433991600,-1,0,-1,1,-1,10.3589945,8.766151,-3.449009
0,1433419200,-2,0,-1,2,0,-4.6402655,9.777436,3.5065477
3,1563912000,1,0,0,0,-1,3.2834015,10.833106,1.3052868
4,1437742800,0,0,-1,3,0,0.4787785,-4.95706,9.883401
2,1472770800,0,2,5,2,-1,3.7690234,5.5228157,8.221795
3,1470420000,2,0,0,-1,0,1.5038042,3.0351665,4.6855073
1,1405332000,-1,0,-1,-1,1,-0.87467146,8.877242,-2.2776558
3,1532930400,1,0,-1,0,1,6.6805997,10.610586,2.1360934
2,1409403600,1,0,-1,4,-2,12.901133,6.078791,7.5936885
4,1435014000,-1,0,-1,3,-1,0.35691312,9.390959,4.738756
5,1405206000,-2,0,-1,3,1,6.163379,-1.0748781,14.394965
3,1435892400,0,0,0,0,0,7.659464,5.723564,14.508977
2,1471500000,1,0,-1,3,0,6.624724,2.3821328,9.479606
4,1407639600,1,0,1,0,0,6.8604918,9.933253,-3.7409368
4,1405400400,-1,0,1,0,1,-0.8829446,-3.5278106,5.2619987
3,1408273200,1,0,1,-1,-1,3.9924438,12.952687,5.3738737
2,1440910800,-2,0,0,-1,0,8.171331,6.9880185,-7.944605
5,1442250000,0,0,-1,-1,1,7.1597395,8.728841,5.1602917
3,1402646400,-1,0,0,-1,1,1.0518246,-4.763789,7.8526998
3,1534561200,2,0,0,0,-1,3.1509273,7.9311485,3.3954146
3,1467547200,1,0,0,-1,-1,0.4209711,11.170341,11.225082
3,1567868400,0,1,0,0,-1,1.1704234,10.024392,3.1544673
2,1406030400,-1,0,-1,-1,1,13.610895,-1.2331097,10.430404
2,1470142800,2,0,0,-1,-2,4.135411,6.609509,11.336558
1,1472058000,0,0,-1,-1,0,3.0917656,4.7462068,-4.4394608
1,1467320400,1,0,-1,0,3,3.341526,-4.782779,9.415299
5,1405699200,0,0,0,-1,0,-3.8269536,3.5212247,-2.0927513
1,1403272800,0,0,-1,-1,0,3.9794462,2.0976236,13.17341
3,1436137200,0,0,-1,-1,0,11.120582,1.3818244,11.778613
1,1440522000,-1,0,0,1,1,-2.1067693,0.61859477,12.680866
0,1406289600,-1,0,-1,-1,-6,15.546465,8.1321125,9.284603
3,1438909200,1,0,0,-1,0,-1.044399,-0.10611556,12.6680765
0,1432990800,-2,0,2,0,0,-4.4025683,3.8253489,-0.11761544
3,1406026800,1,0,0,0,0,5.7706513,-4.9546266,12.2718935
3,1532541600,1,0,0,0,-1,6.8710155,10.481843,7.480264
1,1467136800,1,0,1,2,-1,1.4485,4.848186,-0.44686636
2,1468242000,1,0,-1,1,1,9.855133,0.7278681,10.435897
3,1435874400,0,0,1,0,0,-3.7000377,6.806541,2.9603648
2,1470456000,1,0,1,-1,2,8.217415,1.4150783,5.6122093
4,1435582800,-1,0,-1,0,1,1.0225203,-3.9457486,3.7717054
1,1439366400,1,0,0,0,-1,4.2685328,-2.4282308,-5.809602
3,1440871200,-1,0,-1,1,-1,10.639814,5.960485,5.8140616
1,1404885600,-1,0,-1,0,2,-1.7290114,1.9065292,8.073125
3,1565614800,2,0,-1,-1,-1,2.702564,7.320865,2.393133
2,1472630400,1,0,3,1,0,-0.00478205,-0.40846515,-0.835711
3,1499706000,1,0,0,-1,0,2.7029593,6.7166586,4.911748
0,1433926800,-1,0,-1,1,-1,13.296624,9.745479,5.3532033
3,1504339200,0,0,0,-1,0,1.6478413,9.253625,7.650895
5,1436565600,0,0,0,1,0,-0.6564317,4.454361,8.359572
4,1432573200,-2,0,-1,3,0,13.859199,1.6021246,4.4646
3,1528167600,-1,0,-1,1,2,6.802368,9.168537,11.402254
2,1435345200,-1,0,3,-1,2,7.9695244,2.8984838,-4.1227665
3,1468162800,1,0,0,-1,1,-1.2225022,6.5374517,3.1423717
1,1437462000,0,0,0,0,0,6.1471815,4.8180466,-3.0393574
2,1403456400,0,0,0,-1,0,0.7609073,8.49712,3.7954044
1,1442858400,0,0,0,-1,-1,15.775907,5.9058905,2.0291097
1,1407927600,1,0,0,0,-1,-1.4372855,5.482262,-3.604321
2,1471276800,1,0,1,-1,0,5.7241635,7.626929,12.263338
4,1408561200,1,0,-1,1,-1,-1.9057065,8.281162,7.0305524
2,1437548400,0,0,0,0,0,6.584863,-0.81644994,10.651702
2,1438988400,0,0,0,-1,-1,-0.13073559,2.1802742,-1.437848
1,1408125600,1,0,0,-1,-1,5.6593766,10.3211355,13.715162
3,1495267200,-2,0,0,-1,2,-0.5565687,1.1641649,9.92085
4,1405011600,0,0,1,-1,2,10.145392,-1.4064983,10.962317
3,1501322400,1,0,0,-1,1,3.00733,1.7652748,-1.4144304
5,1405083600,0,0,0,3,1,9.084968,-2.5483513,8.713911
2,1404201600,-1,0,0,0,-1,-4.089743,9.442763,8.741202
3,1472572800,1,0,0,-1,1,8.956569,8.43572,1.5127357
3,1473818400,1,0,1,0,-1,4.0282493,0.10456187,0.9741733
3,1531573200,1,0,-1,-1,0,4.8198895,9.553273,10.296707
3,1568012400,-1,0,0,1,-1,3.2473152,6.6043644,-0.1711954
4,1409022000,1,0,-1,-1,-1,-1.0905335,13.160654,1.9036695
4,1403665200,0,0,0,-1,0,11.89614,3.4767635,7.982174
2,1471662000,0,0,-1,1,0,-1.9641445,3.5624118,3.2165842
1,1471244400,1,0,-1,-1,1,5.282726,-1.9595295,5.4132824
0,1435028400,-1,0,-1,1,-2,4.581635,7.2382092,-4.26448
3,1407175200,1,0,-1,-1,0,8.765101,12.344205,-2.7002814
2,1436637600,0,0,0,2,0,7.0806665,-3.2687593,-1.3352059
0,1436526000,0,0,-1,-1,0,5.653824,10.523042,-0.6739431
5,1441623600,-1,0,-1,0,1,10.98834,2.7456107,7.4153523
1,1468605600,1,0,2,0,0,9.731019,-1.627553,0.91789514
1,1404399600,0,0,0,-1,-1,3.784797,1.3334453,-7.248
4,1407607200,1,0,1,0,0,6.754207,-4.097736,9.759846
3,1528581600,-1,0,0,0,1,8.877358,8.40529,13.533604
3,1435773600,0,0,0,1,0,11.400717,0.72890306,-2.419169
3,1564279200,1,0,-1,1,1,0.35054123,8.152871,2.409348
3,1567544400,0,0,-1,1,0,4.5010176,6.7078958,3.9793565
3,1565226000,1,2,-1,2,0,-1.1666689,6.11365,-0.23530973
4,1439492400,1,1,-1,1,1,10.042672,-4.1828127,6.774802
5,1406152800,-6,0,5,3,0,11.275545,5.4714165,-0.5710892
2,1466557200,0,0,0,-1,0,5.066784,10.047521,3.867305
1,1438520400,1,0,-1,-1,0,0.88834155,13.441179,0.24705435
0,1438311600,1,0,0,0,-1,4.9451056,-3.755511,-4.1522923
0,1439197200,1,0,-1,1,-1,-3.3443463,11.206833,1.6978298
3,1532854800,1,0,-1,0,2,3.9081461,12.22477,4.265954
3,1464523200,-2,0,-1,-1,1,4.824928,1.5468222,7.845673
2,1406178000,-1,1,3,2,1,-2.8575737,-0.30531612,2.032637
3,1528383600,0,0,-1,-1,1,8.242494,9.98073,8.371429
0,1405987200,0,0,-1,3,0,0.14938807,-6.359749,5.060967
2,1435291200,-1,0,2,-1,2,4.587633,7.6467586,5.585053
0,1405364400,0,0,0,-1,1,-0.017369099,4.4009447,7.4911194
0,1437098400,0,0,0,0,0,0.8498657,13.314849,5.2439966
3,1402887600,-1,0,-1,1,0,-6.1279607,1.1824965,6.528196
3,1567357200,0,0,0,-1,0,3.4956124,6.186631,0.627784
3,1408042800,1,0,1,1,-1,12.608961,-1.2246425,4.921765
3,1535140800,1,0,0,0,-2,7.444983,10.81169,1.1382537
4,1439146800,1,0,0,1,1,9.974718,-3.8343318,10.013893
3,1467072000,0,0,0,-1,-1,-0.79944324,4.586955,6.3367147
3,1472767200,1,0,2,2,1,3.5923426,5.838351,8.248856
4,1441465200,-1,0,1,-1,2,6.6411133,-5.3492193,6.4081883
5,1440900000,-1,0,2,-1,-1,5.8937836,-1.5144047,-5.7505364
2,1435568400,-1,0,-1,-1,1,4.3765545,-6.723072,9.866214
3,1528977600,0,0,-1,-1,0,8.270807,11.333161,9.911211
0,1439370000,1,0,1,0,-2,-2.4956727,5.945206,-0.55504733
2,1406534400,-1,1,4,2,0,14.594056,4.3663087,1.3999935
2,1434574800,-1,0,0,0,-1,11.21961,1.7356533,2.339389
4,1441080000,-1,0,-1,1,-1,2.8290396,-1.910164,4.211443
1,1471698000,1,0,0,0,1,5.3330307,-0.30094102,5.0411916
3,1497369600,0,0,0,-1,-1,-0.040857207,2.604349,10.534609
3,1624698000,0,0,-1,-1,1,1.5513015,-0.16514519,5.223083
3,1559437200,-2,0,1,0,0,6.374403,-0.6696152,1.8673823
2,1436850000,0,0,-1,3,0,1.5659701,1.5883421,11.05618
3,1562202000,0,0,-1,-1,1,10.816343,5.440999,2.2892122
5,1441083600,0,0,-1,4,-2,-3.2552612,10.65846,4.9117975
5,1402588800,-1,0,-1,0,1,-1.2796689,2.5300016,-5.318002
3,1624924800,-1,0,-1,0,0,2.6568322,1.428307,6.3421373
3,1435590000,0,0,-1,-1,0,8.793897,5.215354,8.052299
0,1435644000,-1,0,-1,-1,1,13.298481,1.2952759,7.644848
3,1436799600,0,0,-1,-1,-1,3.8123705,10.893344,14.020767
4,1439330400,1,0,1,1,1,12.463762,4.5051303,9.179093
4,1407999600,0,0,2,0,0,8.292849,13.845064,8.195953
3,1629986400,2,0,0,-1,0,3.5694182,3.792134,-0.6043011
3,1496480400,-1,0,0,-1,0,2.3322077,-1.9227133,7.905684
2,1402477200,-1,0,2,0,0,7.971842,1.8651291,-3.2828526
5,1403787600,0,0,1,0,0,6.3018994,-1.3420094,2.4112594
1,1403618400,0,0,-1,-1,0,1.7172236,7.2021494,3.7347322
3,1496692800,-1,0,0,-1,0,0.20518896,-4.166337,7.984965
5,1441868400,0,0,0,0,1,13.063435,9.904713,-0.30867657
3,1565380800,1,0,0,-1,0,-0.99780035,9.020276,1.2098181
4,1406383200,0,0,0,-1,0,-4.1820135,1.4941357,1.7044002
3,1499292000,0,0,0,-1,0,6.0081396,5.033367,7.242622
2,1441551600,-1,0,0,-1,0,1.0818979,5.6066604,5.1207924
4,1437141600,0,0,-1,-1,1,3.044304,-2.242351,-3.6194587
5,1436216400,0,0,-1,1,0,3.9710145,-5.562641,5.9472547
5,1403460000,0,0,0,-1,0,1.5424447,3.8889236,9.093298
4,1406764800,0,0,0,2,0,11.34299,1.209581,0.65733933
1,1473678000,1,0,0,-1,-1,-1.9837348,4.13661,8.872615
2,1435489200,-1,0,1,0,2,0.10049549,-3.142668,-3.56795
1,1474153200,0,0,0,-1,-2,2.607533,2.4683042,11.193915
1,1465794000,-1,0,0,1,0,6.5615883,0.32008463,8.067392
1,1402812000,0,0,0,-1,0,4.462507,-1.6154398,-2.7820039
2,1434146400,-1,0,2,1,-1,-0.8102734,5.7201433,-3.718276
0,1438063200,1,0,0,-1,0,0.49960616,-5.0817466,-0.04940598
3,1474387200,1,0,0,-1,-1,5.0627418,-2.8951688,9.877814
3,1532473200,1,0,0,0,-1,6.668995,9.069744,7.780623
2,1472029200,-1,0,-1,0,0,4.131106,4.8149576,-3.410689
4,1432515600,-2,0,0,-1,0,9.989921,-3.7220287,0.527286
3,1528236000,-1,0,1,1,1,6.7717214,7.1039557,12.107096
0,1404518400,0,0,0,-1,0,9.418619,-5.613872,5.9661813
1,1467126000,1,0,1,1,-1,1.7603455,4.505918,-0.082973726
1,1473055200,1,0,1,-1,0,7.320355,3.5582476,5.9418607
0,1433332800,-2,0,-1,-1,0,-1.152579,1.1647409,13.48065
3,1473735600,0,0,-1,-1,0,3.9437656,6.5475616,-2.3567214
1,1466938800,1,0,-1,-1,-1,8.55293,9.130448,6.125469
1,1436364000,0,0,0,0,1,11.478182,2.3599055,8.566792
1,1438794000,2,0,0,-1,0,9.173933,-4.585647,8.049942
2,1470711600,1,0,1,0,1,-1.0691904,4.3482094,10.131993
3,1535266800,1,0,-1,-1,-2,5.188721,10.372557,-1.064273
1,1441411200,1,0,0,-1,0,12.763348,12.354882,7.7949276
3,1499799600,1,0,0,-1,0,2.896915,7.3975835,3.9069424
5,1439600400,1,0,1,0,0,5.7615314,-3.0615609,3.3152256
2,1469214000,0,0,-1,2,0,2.704642,11.492881,0.37630662
5,1435604400,0,0,-1,0,0,4.2791557,-6.959252,6.2676444
0,1403427600,0,0,0,-1,0,2.4706237,5.520698,-1.2379376
3,1561309200,-1,0,0,-1,0,9.478916,4.063412,2.5092616
3,1409130000,1,0,-1,-1,-2,13.648741,11.450768,5.0959654
2,1439895600,-1,0,-1,0,1,10.900183,-1.9947689,-2.1320953
5,1439816400,1,0,-1,-1,0,0.07249847,6.979491,-3.2132382
5,1435676400,0,0,0,-1,0,11.105742,6.7609406,5.7277756
3,1402714800,-1,0,-1,0,0,14.367587,4.217345,7.1964397
1,1443358800,0,0,-1,-1,-1,14.411912,8.306615,3.4290571
3,1498903200,0,0,0,-1,0,7.818841,2.0978143,2.2448008
2,1434646800,-1,0,-1,-1,-1,3.1539352,3.2555838,13.004286
2,1468497600,-1,0,-1,1,1,3.2371898,1.7003708,7.9312797
3,1530615600,0,0,0,0,1,9.690694,6.320103,10.997346
4,1409054400,1,0,1,-1,-1,16.098984,0.5032742,2.315316
2,1434528000,-1,0,1,0,-1,6.8204293,12.300638,10.504012
1,1469689200,1,0,-1,3,-1,9.553272,1.7598284,-2.411602
0,1403024400,0,0,0,0,1,-3.9820535,0.66333055,3.2996483
1,1466182800,0,0,0,0,0,9.479294,-2.4062119,3.9064517
2,1473181200,1,0,-1,0,-1,5.4922943,1.5776004,0.6914974
3,1564120800,1,0,-1,-1,1,0.51171875,10.598107,2.1841102
3,1532944800,1,0,-1,0,1,7.0894003,10.408241,1.753694
1,1441659600,0,0,-1,1,0,5.0817504,15.077581,0.5740216
1,1435780800,0,0,0,-1,3,-3.2675896,8.456431,6.923206
3,1472533200,1,0,-1,-1,1,10.685911,6.9666348,3.5411484
5,1404403200,0,0,1,0,0,10.801172,13.631479,5.8460364
1,1471921200,0,0,-1,0,0,1.271862,9.163949,-2.1311824
1,1403859600,0,0,-1,-1,-1,0.9094186,11.549159,10.341365
1,1442167200,0,0,0,1,0,9.236491,5.851034,3.5519137
2,1438815600,1,0,2,-1,-1,6.0507026,4.1547923,14.7489195
3,1565967600,1,0,0,-1,-1,2.749894,9.396609,-1.2741319
0,1404619200,-1,0,-1,1,0,-4.658688,5.533064,0.03785692
3,1627970400,1,0,0,1,0,2.1268263,5.3153057,6.10385
2,1440392400,-2,0,-1,0,1,11.116678,-1.4473253,11.85536
3,1402063200,0,0,0,-1,2,6.906304,5.8253913,-0.7457617
2,1433962800,0,0,0,-1,0,11.11014,7.9844594,-1.3389313
3,1566338400,1,0,-1,-1,2,1.3846059,9.222612,-0.53381336
1,1436864400,0,0,-1,-1,1,8.602661,2.004295,7.731181
2,1403856000,0,0,0,-1,0,8.285335,4.5378866,10.583578
4,1439884800,-1,1,0,-1,0,-1.4322215,6.0648756,11.856408
3,1439524800,1,0,-1,-1,0,1.6648494,2.827005,3.4495857
3,1500264000,0,0,0,-1,-1,5.97098,2.5373132,1.2378284
3,1566892800,1,0,-1,0,0,0.39249712,9.048882,0.4610829
3,1470373200,2,0,-1,4,0,0.27875206,3.2264946,12.058475
2,1435478400,-1,0,1,0,2,4.169531,-4.3713965,10.236264
3,1402236000,-1,0,2,1,1,-1.7178768,9.411913,7.1001773
3,1531285200,1,0,1,0,0,7.8195086,5.8941994,11.224622
1,1469606400,1,0,-1,1,0,13.151485,4.979811,6.209167
5,1441908000,0,0,0,1,1,-1.7891997,2.8909447,8.935783
4,1432962000,-2,0,-1,0,0,3.8100932,16.739628,4.4805436
1,1406059200,-1,0,-1,0,1,2.9162269,15.334372,7.522665
5,1402765200,-1,0,0,-1,1,4.424764,13.912181,-0.29317316
5,1442390400,0,0,-1,-1,0,8.479872,4.495727,8.220323
2,1403395200,-1,0,0,2,0,14.892847,12.614849,1.5366706
4,1403488800,-1,0,0,-1,1,15.144651,7.201355,7.8904524
5,1443492000,0,0,-1,1,0,11.408443,5.2497425,5.215469
3,1559840400,-1,0,1,-1,-1,10.225257,2.4125159,4.210278
2,1465470000,-1,0,0,0,0,10.922001,8.805689,1.1881784
2,1402156800,-1,0,0,1,1,7.0601015,5.906373,1.39962
1,1436875200,0,0,-1,-1,1,12.579342,12.3753395,5.8849115
2,1406059200,-2,0,-1,2,1,2.9462714,15.256302,7.5685554
0,1437642000,1,0,-1,0,0,14.969872,6.8445287,-3.2954326
3,1626076800,0,0,1,0,1,6.021771,7.438797,0.7808112
1,1403636400,1,0,-1,-1,0,1.9428749,0.4639812,4.1577005
1,1466528400,1,0,0,-1,-1,9.821277,11.980396,3.4047074
3,1496602800,0,0,0,-1,0,0.25945702,-2.3614147,7.8778815
1,1402045200,0,0,-1,-1,0,7.755666,6.9253387,0.032513287
4,1439661600,1,1,0,-1,0,10.804913,-1.8407289,5.6155925
1,1406419200,0,0,-1,2,0,11.405838,-0.054106865,1.4033811
3,1531198800,1,0,-1,3,0,8.154413,6.529277,12.168588
2,1439359200,1,0,2,1,-1,10.091269,12.281171,0.28048202
3,1559149200,-1,0,0,0,0,7.648739,-1.367019,2.5507462
1,1473170400,1,0,-1,-1,0,4.9490447,1.9562138,0.93084794
4,1407096000,0,0,-1,1,0,-3.0816047,1.2320437,3.756456
5,1439820000,1,0,0,0,0,-3.3375223,3.9033434,6.6080885
2,1408456800,1,0,-1,-1,-1,5.792971,4.953227,-2.745606
3,1534975200,1,0,1,1,-1,8.763095,6.9918528,-0.28404945
1,1467486000,1,0,1,-1,2,13.334781,6.266611,4.8877225
1,1466038800,0,0,-1,0,0,9.896572,5.9052505,6.5554976
5,1436270400,-1,1,4,1,0,6.9359746,13.719328,7.9168344
3,1622109600,-2,0,3,1,0,7.0009093,5.5369444,6.8974924
3,1534834800,1,0,0,-1,-1,6.065812,10.574918,1.2893078
4,1432188000,-3,0,0,-1,0,-3.860811,-2.5837462,0.33285224
1,1440637200,0,0,0,-1,0,12.833986,8.402637,-3.403134
2,1406314800,0,0,-1,2,1,-5.6051474,8.853003,-0.6595373
0,1437757200,1,0,-1,3,0,-2.7518272,3.18402,6.86598
2,1465279200,-2,0,2,-1,0,0.89775586,2.1627746,-0.655588
2,1472104800,-1,0,-1,3,0,2.9462855,4.3734684,-5.7455034
4,1403798400,0,0,0,0,0,15.773953,2.2710853,6.6921663
2,1471132800,1,0,1,1,1,8.718866,4.387565,12.960604
1,1433721600,-1,0,-1,3,0,-0.27262956,-4.18164,0.46929535
3,1529492400,0,0,0,-1,0,9.459836,8.553354,12.226947
4,1407038400,0,0,-1,4,0,-4.979556,0.49423954,5.703851
3,1465650000,0,0,0,-1,0,10.86877,3.0747092,6.32537
3,1627646400,1,1,4,3,1,1.4875019,5.217664,5.020025
3,1436328000,-1,0,1,1,0,9.880746,13.606496,2.6819508
3,1594224000,2,0,0,1,0,1.366327,3.59453,6.775814
1,1465995600,0,0,-1,-1,0,-0.077471144,1.4016206,-0.54520136
3,1534881600,1,0,2,3,-1,7.9683533,9.3655615,1.3158219
1,1440266400,0,0,0,-1,1,2.1777704,9.99824,12.824323
2,1402632000,-1,0,0,-1,0,4.940274,-4.4021645,1.8202536
4,1437379200,0,0,-1,1,0,-4.9204245,0.09827244,9.628545
4,1440068400,-2,1,-1,0,0,11.2550955,-4.405827,3.9567518
2,1409342400,1,0,0,-1,-2,0.8565503,-1.4173375,2.1794393
3,1563440400,1,0,-1,1,0,7.672681,-0.3500268,3.5767622
3,1561392000,-1,0,0,0,0,10.488411,3.6777668,3.519123
3,1560621600,-1,0,-1,2,1,9.242728,0.27714753,-0.6440437
1,1468008000,1,0,0,-1,1,8.922396,10.513628,0.29273143
3,1402588800,-1,0,-1,0,1,-1.2746848,2.4872568,-5.3294163
3,1471186800,1,0,0,0,0,2.709659,-0.86669,-1.7940164
3,1472504400,1,0,-1,-1,1,4.7766232,8.334478,7.6183395
1,1470110400,2,0,0,-1,-1,1.1059641,-3.4865947,2.0405486
1,1404032400,0,0,-1,-1,-1,-2.77966,-3.2912104,1.4214664
2,1408291200,1,0,3,1,0,-3.5176299,7.7463083,2.5420275
3,1407477600,1,4,0,-1,-1,6.8948865,9.37211,5.746554
0,1441854000,0,0,-1,1,0,-2.4980826,6.439305,14.053406
1,1466308800,0,0,-1,-1,0,-2.4518335,9.067065,3.3280685
1,1466751600,0,0,0,0,-1,-2.178147,6.803835,3.8027585
2,1407643200,1,0,1,-1,0,13.066025,12.338279,0.43408567
4,1441839600,0,0,0,1,1,9.613524,15.325004,5.505687
0,1437134400,0,0,-1,-1,0,3.373647,-1.2627724,-1.937749
3,1435600800,0,0,-1,-1,0,10.375706,1.0292308,6.9278607
4,1435554000,-1,0,-1,-1,1,-1.8915877,14.405614,4.9266872
2,1473109200,1,0,-1,0,-1,0.67677855,0.89334804,4.557118
1,1438218000,1,0,-1,0,0,-3.6254604,0.40471572,8.405547
3,1408888800,1,1,0,4,-2,1.0629512,7.941173,14.621053
