WDIR,WSPD,GST,WVHT,DPD,APD,MWD,PRES,ATMP,WTMP,DEWP,VIS,TIDE,Date
999,2.1,3.1,99.0,99.0,99.0,999,9999.0,13.7,999.0,999.0,99.0,99.0,2020/01/01 0000
999,4.6,5.7,99.0,99.0,99.0,999,9999.0,13.7,999.0,999.0,99.0,99.0,2020/01/01 0100
999,4.1,5.7,99.0,99.0,99.0,999,9999.0,13.6,999.0,999.0,99.0,99.0,2020/01/01 0200
999,3.1,4.1,99.0,99.0,99.0,999,9999.0,13.5,999.0,999.0,99.0,99.0,2020/01/01 0300
999,1.0,2.1,99.0,99.0,99.0,999,9999.0,13.3,999.0,999.0,99.0,99.0,2020/01/01 0400
999,1.0,2.1,99.0,99.0,99.0,999,9999.0,13.4,999.0,999.0,99.0,99.0,2020/01/01 0500
999,2.1,3.1,99.0,99.0,99.0,999,9999.0,13.4,999.0,999.0,99.0,99.0,2020/01/01 0600
999,2.6,3.6,99.0,99.0,99.0,999,9999.0,13.2,999.0,999.0,99.0,99.0,2020/01/01 0700
999,1.5,2.1,99.0,99.0,99.0,999,9999.0,13.1,999.0,999.0,99.0,99.0,2020/01/01 0800
999,1.5,2.6,99.0,99.0,99.0,999,9999.0,12.8,999.0,999.0,99.0,99.0,2020/01/01 0900
999,0.0,1.0,99.0,99.0,99.0,999,9999.0,12.7,999.0,999.0,99.0,99.0,2020/01/01 1000
999,2.6,3.1,99.0,99.0,99.0,999,9999.0,12.7,999.0,999.0,99.0,99.0,2020/01/01 1100
999,2.6,3.1,99.0,99.0,99.0,999,9999.0,12.8,999.0,999.0,99.0,99.0,2020/01/01 1200
999,4.6,5.1,99.0,99.0,99.0,999,9999.0,12.7,999.0,999.0,99.0,99.0,2020/01/01 1300
999,5.1,5.7,99.0,99.0,99.0,999,9999.0,12.6,999.0,999.0,99.0,99.0,2020/01/01 1400
999,5.1,5.7,99.0,99.0,99.0,999,9999.0,12.7,999.0,999.0,99.0,99.0,2020/01/01 1500
999,5.7,6.7,99.0,99.0,99.0,999,9999.0,12.6,999.0,999.0,99.0,99.0,2020/01/01 1600
999,6.7,7.2,99.0,99.0,99.0,999,9999.0,12.6,999.0,999.0,99.0,99.0,2020/01/01 1700
999,6.2,7.2,99.0,99.0,99.0,999,9999.0,12.5,999.0,999.0,99.0,99.0,2020/01/01 1800
999,5.7,6.2,99.0,99.0,99.0,999,9999.0,12.6,999.0,999.0,99.0,99.0,2020/01/01 1900
999,6.2,6.7,99.0,99.0,99.0,999,9999.0,13.0,999.0,999.0,99.0,99.0,2020/01/01 2000
999,5.1,5.7,99.0,99.0,99.0,999,9999.0,13.6,999.0,999.0,99.0,99.0,2020/01/01 2100
999,5.1,6.2,99.0,99.0,99.0,999,9999.0,13.6,999.0,999.0,99.0,99.0,2020/01/01 2200
999,7.2,8.2,99.0,99.0,99.0,999,9999.0,13.6,999.0,999.0,99.0,99.0,2020/01/01 2300
999,7.2,8.2,99.0,99.0,99.0,999,9999.0,13.7,999.0,999.0,99.0,99.0,2020/01/02 0000
999,8.2,9.8,99.0,99.0,99.0,999,9999.0,13.8,999.0,999.0,99.0,99.0,2020/01/02 0100
999,8.8,9.8,99.0,99.0,99.0,999,9999.0,13.8,999.0,999.0,99.0,99.0,2020/01/02 0200
999,9.3,10.8,99.0,99.0,99.0,999,9999.0,13.3,999.0,999.0,99.0,99.0,2020/01/02 0300
999,10.8,12.4,99.0,99.0,99.0,999,9999.0,12.8,999.0,999.0,99.0,99.0,2020/01/02 0400
999,8.8,10.8,99.0,99.0,99.0,999,9999.0,13.4,999.0,999.0,99.0,99.0,2020/01/02 0500
999,8.8,9.8,99.0,99.0,99.0,999,9999.0,12.9,999.0,999.0,99.0,99.0,2020/01/02 0600
999,6.7,9.3,99.0,99.0,99.0,999,9999.0,13.8,999.0,999.0,99.0,99.0,2020/01/02 0800
999,8.2,9.8,99.0,99.0,99.0,999,9999.0,14.7,999.0,999.0,99.0,99.0,2020/01/02 0900
999,8.8,10.3,99.0,99.0,99.0,999,9999.0,17.0,999.0,999.0,99.0,99.0,2020/01/02 1000
999,8.8,10.3,99.0,99.0,99.0,999,9999.0,18.5,999.0,999.0,99.0,99.0,2020/01/02 1100
999,3.6,7.2,99.0,99.0,99.0,999,9999.0,18.3,999.0,999.0,99.0,99.0,2020/01/02 1200
999,4.1,6.2,99.0,99.0,99.0,999,9999.0,19.0,999.0,999.0,99.0,99.0,2020/01/02 1300
999,3.6,6.2,99.0,99.0,99.0,999,9999.0,18.7,999.0,999.0,99.0,99.0,2020/01/02 1400
999,5.7,7.2,99.0,99.0,99.0,999,9999.0,18.9,999.0,999.0,99.0,99.0,2020/01/02 1500
999,3.6,5.7,99.0,99.0,99.0,999,9999.0,18.9,999.0,999.0,99.0,99.0,2020/01/02 1600
999,4.1,5.7,99.0,99.0,99.0,999,9999.0,19.1,999.0,999.0,99.0,99.0,2020/01/02 1700
999,6.7,8.8,99.0,99.0,99.0,999,9999.0,19.0,999.0,999.0,99.0,99.0,2020/01/02 1800
999,5.7,7.2,99.0,99.0,99.0,999,9999.0,20.9,999.0,999.0,99.0,99.0,2020/01/02 1900
999,5.7,6.2,99.0,99.0,99.0,999,9999.0,21.1,999.0,999.0,99.0,99.0,2020/01/02 2000
999,6.7,8.2,99.0,99.0,99.0,999,9999.0,22.5,999.0,999.0,99.0,99.0,2020/01/02 2100
999,9.3,11.3,99.0,99.0,99.0,999,9999.0,22.4,999.0,999.0,99.0,99.0,2020/01/02 2200
999,8.2,10.3,99.0,99.0,99.0,999,9999.0,22.5,999.0,999.0,99.0,99.0,2020/01/02 2300
999,8.8,10.3,99.0,99.0,99.0,999,9999.0,22.8,999.0,999.0,99.0,99.0,2020/01/03 0000
999,5.1,6.7,99.0,99.0,99.0,999,9999.0,18.9,999.0,999.0,99.0,99.0,2020/01/03 0100
999,3.1,4.1,99.0,99.0,99.0,999,9999.0,18.8,999.0,999.0,99.0,99.0,2020/01/03 0200
999,2.1,3.1,99.0,99.0,99.0,999,9999.0,16.0,999.0,999.0,99.0,99.0,2020/01/03 0300
999,1.5,3.6,99.0,99.0,99.0,999,9999.0,16.2,999.0,999.0,99.0,99.0,2020/01/03 0400
999,1.5,2.1,99.0,99.0,99.0,999,9999.0,15.7,999.0,999.0,99.0,99.0,2020/01/03 0500
999,5.7,7.7,99.0,99.0,99.0,999,9999.0,15.7,999.0,999.0,99.0,99.0,2020/01/03 0600
999,5.1,6.7,99.0,99.0,99.0,999,9999.0,15.5,999.0,999.0,99.0,99.0,2020/01/03 0700
999,4.6,5.7,99.0,99.0,99.0,999,9999.0,15.6,999.0,999.0,99.0,99.0,2020/01/03 0800
999,5.1,7.2,99.0,99.0,99.0,999,9999.0,15.4,999.0,999.0,99.0,99.0,2020/01/03 0900
999,3.6,4.6,99.0,99.0,99.0,999,9999.0,15.1,999.0,999.0,99.0,99.0,2020/01/03 1000
999,3.1,3.6,99.0,99.0,99.0,999,9999.0,15.4,999.0,999.0,99.0,99.0,2020/01/03 1100
999,2.1,3.6,99.0,99.0,99.0,999,9999.0,14.9,999.0,999.0,99.0,99.0,2020/01/03 1200
999,3.6,4.1,99.0,99.0,99.0,999,9999.0,14.6,999.0,999.0,99.0,99.0,2020/01/03 1300
999,4.1,5.7,99.0,99.0,99.0,999,9999.0,14.1,999.0,999.0,99.0,99.0,2020/01/03 1500
999,4.6,5.7,99.0,99.0,99.0,999,9999.0,13.9,999.0,999.0,99.0,99.0,2020/01/03 1600
999,4.6,6.2,99.0,99.0,99.0,999,9999.0,13.4,999.0,999.0,99.0,99.0,2020/01/03 1700
999,5.7,6.7,99.0,99.0,99.0,999,9999.0,13.4,999.0,999.0,99.0,99.0,2020/01/03 1800
999,2.1,3.1,99.0,99.0,99.0,999,9999.0,13.8,999.0,999.0,99.0,99.0,2020/01/03 1900
999,3.6,4.1,99.0,99.0,99.0,999,9999.0,14.1,999.0,999.0,99.0,99.0,2020/01/03 2000
999,3.6,3.6,99.0,99.0,99.0,999,9999.0,15.0,999.0,999.0,99.0,99.0,2020/01/03 2100
999,0.0,0.5,99.0,99.0,99.0,999,9999.0,17.3,999.0,999.0,99.0,99.0,2020/01/03 2200
999,0.5,1.5,99.0,99.0,99.0,999,9999.0,16.5,999.0,999.0,99.0,99.0,2020/01/03 2300
999,1.0,2.1,99.0,99.0,99.0,999,9999.0,15.6,999.0,999.0,99.0,99.0,2020/01/04 0000
999,1.0,2.1,99.0,99.0,99.0,999,9999.0,15.4,999.0,999.0,99.0,99.0,2020/01/04 0100
999,2.6,4.1,99.0,99.0,99.0,999,9999.0,15.3,999.0,999.0,99.0,99.0,2020/01/04 0200
999,1.5,2.6,99.0,99.0,99.0,999,9999.0,15.5,999.0,999.0,99.0,99.0,2020/01/04 0300
999,2.6,3.1,99.0,99.0,99.0,999,9999.0,15.7,999.0,999.0,99.0,99.0,2020/01/04 0400
999,6.2,8.2,99.0,99.0,99.0,999,9999.0,16.1,999.0,999.0,99.0,99.0,2020/01/04 0500
999,8.2,10.8,99.0,99.0,99.0,999,9999.0,14.6,999.0,999.0,99.0,99.0,2020/01/04 0600
999,9.3,11.8,99.0,99.0,99.0,999,9999.0,13.9,999.0,999.0,99.0,99.0,2020/01/04 0700
999,9.8,12.4,99.0,99.0,99.0,999,9999.0,13.3,999.0,999.0,99.0,99.0,2020/01/04 0800
999,9.8,12.9,99.0,99.0,99.0,999,9999.0,12.7,999.0,999.0,99.0,99.0,2020/01/04 0900
999,7.7,10.8,99.0,99.0,99.0,999,9999.0,12.2,999.0,999.0,99.0,99.0,2020/01/04 1000
999,7.7,10.8,99.0,99.0,99.0,999,9999.0,11.8,999.0,999.0,99.0,99.0,2020/01/04 1100
999,7.7,10.3,99.0,99.0,99.0,999,9999.0,11.3,999.0,999.0,99.0,99.0,2020/01/04 1200
999,5.7,9.8,99.0,99.0,99.0,999,9999.0,10.5,999.0,999.0,99.0,99.0,2020/01/04 1300
999,5.7,9.8,99.0,99.0,99.0,999,9999.0,10.5,999.0,999.0,99.0,99.0,2020/03/04 1300
999,6.2,6.7,99.0,99.0,99.0,999,9999.0,19.1,999.0,999.0,99.0,99.0,2020/03/14 0500
999,5.7,6.7,99.0,99.0,99.0,999,9999.0,18.9,999.0,999.0,99.0,99.0,2020/03/14 0600
999,6.2,7.2,99.0,99.0,99.0,999,9999.0,19.0,999.0,999.0,99.0,99.0,2020/03/14 0700
999,6.2,6.7,99.0,99.0,99.0,999,9999.0,18.9,999.0,999.0,99.0,99.0,2020/03/14 0800
999,6.2,6.7,99.0,99.0,99.0,999,9999.0,18.8,999.0,999.0,99.0,99.0,2020/03/14 0900
999,6.2,7.2,99.0,99.0,99.0,999,9999.0,18.8,999.0,999.0,99.0,99.0,2020/03/14 1000
999,5.7,6.2,99.0,99.0,99.0,999,9999.0,18.6,999.0,999.0,99.0,99.0,2020/03/14 1100
999,4.6,5.1,99.0,99.0,99.0,999,9999.0,18.5,999.0,999.0,99.0,99.0,2020/03/14 1200
999,4.6,5.7,99.0,99.0,99.0,999,9999.0,18.6,999.0,999.0,99.0,99.0,2020/03/14 1300
999,6.2,7.2,99.0,99.0,99.0,999,9999.0,18.3,999.0,999.0,99.0,99.0,2020/03/14 1400
999,5.7,6.7,99.0,99.0,99.0,999,9999.0,17.7,999.0,999.0,99.0,99.0,2020/03/14 1500
999,5.1,6.2,99.0,99.0,99.0,999,9999.0,17.8,999.0,999.0,99.0,99.0,2020/03/14 1600
999,4.1,5.1,99.0,99.0,99.0,999,9999.0,18.1,999.0,999.0,99.0,99.0,2020/03/14 1700
999,3.6,4.1,99.0,99.0,99.0,999,9999.0,18.4,999.0,999.0,99.0,99.0,2020/03/14 1800
999,2.6,3.6,99.0,99.0,99.0,999,9999.0,18.2,999.0,999.0,99.0,99.0,2020/03/14 1900
999,3.6,3.6,99.0,99.0,99.0,999,9999.0,18.8,999.0,999.0,99.0,99.0,2020/03/14 2000
999,4.1,4.6,99.0,99.0,99.0,999,9999.0,18.7,999.0,999.0,99.0,99.0,2020/03/14 2100
999,4.6,5.1,99.0,99.0,99.0,999,9999.0,18.4,999.0,999.0,99.0,99.0,2020/03/14 2200
999,4.6,5.1,99.0,99.0,99.0,999,9999.0,18.1,999.0,999.0,99.0,99.0,2020/03/14 2300
999,5.7,6.2,99.0,99.0,99.0,999,9999.0,17.9,999.0,999.0,99.0,99.0,2020/03/15 0000
999,5.7,6.7,99.0,99.0,99.0,999,9999.0,17.5,999.0,999.0,99.0,99.0,2020/03/15 0100
999,6.2,6.7,99.0,99.0,99.0,999,9999.0,17.5,999.0,999.0,99.0,99.0,2020/03/15 0200
999,5.1,5.1,99.0,99.0,99.0,999,9999.0,17.8,999.0,999.0,99.0,99.0,2020/03/15 0300
999,5.7,6.2,99.0,99.0,99.0,999,9999.0,18.8,999.0,999.0,99.0,99.0,2020/03/15 0400
999,8.2,8.8,99.0,99.0,99.0,999,9999.0,19.8,999.0,999.0,99.0,99.0,2020/03/15 0500
999,7.2,8.2,99.0,99.0,99.0,999,9999.0,19.4,999.0,999.0,99.0,99.0,2020/03/15 0600
999,8.2,9.3,99.0,99.0,99.0,999,9999.0,19.2,999.0,999.0,99.0,99.0,2020/03/15 0700
999,6.2,7.2,99.0,99.0,99.0,999,9999.0,19.2,999.0,999.0,99.0,99.0,2020/03/15 0800
999,4.6,5.7,99.0,99.0,99.0,999,9999.0,19.1,999.0,999.0,99.0,99.0,2020/03/15 0900
999,0.0,1.5,99.0,99.0,99.0,999,9999.0,19.2,999.0,999.0,99.0,99.0,2020/03/15 1000
999,1.5,2.1,99.0,99.0,99.0,999,9999.0,19.4,999.0,999.0,99.0,99.0,2020/03/15 1100
999,1.0,1.5,99.0,99.0,99.0,999,9999.0,19.5,999.0,999.0,99.0,99.0,2020/03/15 1200
999,2.6,2.6,99.0,99.0,99.0,999,9999.0,19.5,999.0,999.0,99.0,99.0,2020/03/15 1300
999,3.6,3.6,99.0,99.0,99.0,999,9999.0,20.0,999.0,999.0,99.0,99.0,2020/03/15 1400
999,3.6,3.6,99.0,99.0,99.0,999,9999.0,20.1,999.0,999.0,99.0,99.0,2020/03/15 1500
999,4.6,5.1,99.0,99.0,99.0,999,9999.0,19.6,999.0,999.0,99.0,99.0,2020/03/15 1600
999,3.6,4.1,99.0,99.0,99.0,999,9999.0,19.4,999.0,999.0,99.0,99.0,2020/03/15 1700
999,3.1,3.6,99.0,99.0,99.0,999,9999.0,19.6,999.0,999.0,99.0,99.0,2020/03/15 1800
999,3.1,3.6,99.0,99.0,99.0,999,9999.0,20.2,999.0,999.0,99.0,99.0,2020/03/15 1900
999,4.1,4.6,99.0,99.0,99.0,999,9999.0,20.6,999.0,999.0,99.0,99.0,2020/03/15 2000
999,3.6,4.1,99.0,99.0,99.0,999,9999.0,21.0,999.0,999.0,99.0,99.0,2020/03/15 2100
999,3.1,3.1,99.0,99.0,99.0,999,9999.0,21.9,999.0,999.0,99.0,99.0,2020/03/15 2200
999,2.1,3.1,99.0,99.0,99.0,999,9999.0,22.5,999.0,999.0,99.0,99.0,2020/03/15 2300
999,4.6,5.7,99.0,99.0,99.0,999,9999.0,21.6,999.0,999.0,99.0,99.0,2020/03/16 0000
999,5.1,5.7,99.0,99.0,99.0,999,9999.0,22.3,999.0,999.0,99.0,99.0,2020/03/16 0100
999,4.1,4.6,99.0,99.0,99.0,999,9999.0,20.6,999.0,999.0,99.0,99.0,2020/03/16 0200
999,3.6,4.1,99.0,99.0,99.0,999,9999.0,19.4,999.0,999.0,99.0,99.0,2020/03/16 0300
999,5.1,5.1,99.0,99.0,99.0,999,9999.0,19.7,999.0,999.0,99.0,99.0,2020/03/16 0400
999,3.1,3.6,99.0,99.0,99.0,999,9999.0,19.2,999.0,999.0,99.0,99.0,2020/03/16 0500
999,3.6,4.1,99.0,99.0,99.0,999,9999.0,19.1,999.0,999.0,99.0,99.0,2020/03/16 0600
999,2.6,3.1,99.0,99.0,99.0,999,9999.0,19.2,999.0,999.0,99.0,99.0,2020/03/16 0700
999,3.1,4.1,99.0,99.0,99.0,999,9999.0,19.2,999.0,999.0,99.0,99.0,2020/03/16 0800
999,3.1,3.6,99.0,99.0,99.0,999,9999.0,19.5,999.0,999.0,99.0,99.0,2020/03/16 0900
999,1.5,2.6,99.0,99.0,99.0,999,9999.0,19.5,999.0,999.0,99.0,99.0,2020/03/16 1000
999,2.1,2.6,99.0,99.0,99.0,999,9999.0,19.6,999.0,999.0,99.0,99.0,2020/03/16 1100
999,1.5,1.5,99.0,99.0,99.0,999,9999.0,19.4,999.0,999.0,99.0,99.0,2020/03/16 1200
999,4.6,5.1,99.0,99.0,99.0,999,9999.0,18.4,999.0,999.0,99.0,99.0,2020/03/16 1300
999,4.6,5.1,99.0,99.0,99.0,999,9999.0,17.8,999.0,999.0,99.0,99.0,2020/03/16 1400
999,4.6,5.1,99.0,99.0,99.0,999,9999.0,18.4,999.0,999.0,99.0,99.0,2020/03/16 1500
999,4.1,4.6,99.0,99.0,99.0,999,9999.0,19.0,999.0,999.0,99.0,99.0,2020/03/16 1600
999,5.7,6.2,99.0,99.0,99.0,999,9999.0,18.9,999.0,999.0,99.0,99.0,2020/03/16 1700
999,5.7,6.7,99.0,99.0,99.0,999,9999.0,18.4,999.0,999.0,99.0,99.0,2020/03/16 1800
999,4.1,4.6,99.0,99.0,99.0,999,9999.0,19.1,999.0,999.0,99.0,99.0,2020/03/16 1900
999,3.6,4.1,99.0,99.0,99.0,999,9999.0,19.7,999.0,999.0,99.0,99.0,2020/03/16 2000
999,3.6,4.1,99.0,99.0,99.0,999,9999.0,20.9,999.0,999.0,99.0,99.0,2020/03/16 2100
999,3.6,4.1,99.0,99.0,99.0,999,9999.0,20.8,999.0,999.0,99.0,99.0,2020/03/16 2200
999,4.1,4.6,99.0,99.0,99.0,999,9999.0,20.6,999.0,999.0,99.0,99.0,2020/03/16 2300
999,4.6,4.6,99.0,99.0,99.0,999,9999.0,20.3,999.0,999.0,99.0,99.0,2020/03/17 0000
999,4.6,5.1,99.0,99.0,99.0,999,9999.0,20.2,999.0,999.0,99.0,99.0,2020/03/17 0100
999,4.6,6.2,99.0,99.0,99.0,999,9999.0,19.9,999.0,999.0,99.0,99.0,2020/03/17 0200
999,5.7,6.7,99.0,99.0,99.0,999,9999.0,19.9,999.0,999.0,99.0,99.0,2020/03/17 0300
999,6.2,7.2,99.0,99.0,99.0,999,9999.0,19.6,999.0,999.0,99.0,99.0,2020/03/17 0400
999,5.1,6.2,99.0,99.0,99.0,999,9999.0,23.7,999.0,999.0,99.0,99.0,2020/03/17 0500
999,5.1,5.1,99.0,99.0,99.0,999,9999.0,21.5,999.0,999.0,99.0,99.0,2020/03/17 0600
999,4.1,4.6,99.0,99.0,99.0,999,9999.0,20.8,999.0,999.0,99.0,99.0,2020/03/17 0700
999,3.6,4.6,99.0,99.0,99.0,999,9999.0,20.4,999.0,999.0,99.0,99.0,2020/03/17 0800
999,4.6,5.1,99.0,99.0,99.0,999,9999.0,20.9,999.0,999.0,99.0,99.0,2020/03/17 0900
999,4.1,4.6,99.0,99.0,99.0,999,9999.0,20.5,999.0,999.0,99.0,99.0,2020/03/17 1000
999,3.1,4.1,99.0,99.0,99.0,999,9999.0,20.1,999.0,999.0,99.0,99.0,2020/03/17 1100
999,4.1,4.6,99.0,99.0,99.0,999,9999.0,20.4,999.0,999.0,99.0,99.0,2020/03/17 1200
999,3.1,4.1,99.0,99.0,99.0,999,9999.0,19.6,999.0,999.0,99.0,99.0,2020/03/17 1300
999,3.6,3.6,99.0,99.0,99.0,999,9999.0,19.6,999.0,999.0,99.0,99.0,2020/03/17 1400
999,4.1,4.1,99.0,99.0,99.0,999,9999.0,19.5,999.0,999.0,99.0,99.0,2020/03/17 1500
999,4.1,4.6,99.0,99.0,99.0,999,9999.0,19.5,999.0,999.0,99.0,99.0,2020/03/17 1600
999,3.1,4.1,99.0,99.0,99.0,999,9999.0,19.5,999.0,999.0,99.0,99.0,2020/03/17 1700
999,4.1,4.6,99.0,99.0,99.0,999,9999.0,19.4,999.0,999.0,99.0,99.0,2020/03/17 1800
999,4.6,5.1,99.0,99.0,99.0,999,9999.0,19.9,999.0,999.0,99.0,99.0,2020/03/17 1900
999,5.1,5.7,99.0,99.0,99.0,999,9999.0,20.4,999.0,999.0,99.0,99.0,2020/03/17 2000
999,4.1,4.6,99.0,99.0,99.0,999,9999.0,20.5,999.0,999.0,99.0,99.0,2020/03/17 2100
999,3.6,4.1,99.0,99.0,99.0,999,9999.0,20.6,999.0,999.0,99.0,99.0,2020/03/17 2200
999,3.6,4.1,99.0,99.0,99.0,999,9999.0,20.6,999.0,999.0,99.0,99.0,2020/03/17 2300
999,4.6,5.1,99.0,99.0,99.0,999,9999.0,20.5,999.0,999.0,99.0,99.0,2020/03/18 0000
999,4.6,5.7,99.0,99.0,99.0,999,9999.0,20.4,999.0,999.0,99.0,99.0,2020/03/18 0100
999,5.1,5.7,99.0,99.0,99.0,999,9999.0,20.5,999.0,999.0,99.0,99.0,2020/03/18 0200
999,6.2,6.7,99.0,99.0,99.0,999,9999.0,20.5,999.0,999.0,99.0,99.0,2020/03/18 0300
999,6.2,6.7,99.0,99.0,99.0,999,9999.0,20.4,999.0,999.0,99.0,99.0,2020/03/18 0400
999,5.1,6.2,99.0,99.0,99.0,999,9999.0,20.4,999.0,999.0,99.0,99.0,2020/03/18 0500
999,4.1,4.6,99.0,99.0,99.0,999,9999.0,20.3,999.0,999.0,99.0,99.0,2020/03/18 0600
999,5.7,6.7,99.0,99.0,99.0,999,9999.0,20.1,999.0,999.0,99.0,99.0,2020/03/18 0700
999,4.6,5.1,99.0,99.0,99.0,999,9999.0,19.9,999.0,999.0,99.0,99.0,2020/03/18 0800
999,2.1,3.6,99.0,99.0,99.0,999,9999.0,20.3,999.0,999.0,99.0,99.0,2020/03/18 0900
999,3.6,5.1,99.0,99.0,99.0,999,9999.0,20.8,999.0,999.0,99.0,99.0,2020/03/18 1000
999,4.1,4.6,99.0,99.0,99.0,999,9999.0,20.3,999.0,999.0,99.0,99.0,2020/03/18 1100
999,3.6,3.6,99.0,99.0,99.0,999,9999.0,20.3,999.0,999.0,99.0,99.0,2020/03/18 1200
999,4.1,4.6,99.0,99.0,99.0,999,9999.0,20.0,999.0,999.0,99.0,99.0,2020/03/18 1300
999,3.6,3.6,99.0,99.0,99.0,999,9999.0,20.2,999.0,999.0,99.0,99.0,2020/03/18 1400
999,4.6,5.1,99.0,99.0,99.0,999,9999.0,20.7,999.0,999.0,99.0,99.0,2020/03/18 1500
999,4.1,4.6,99.0,99.0,99.0,999,9999.0,20.9,999.0,999.0,99.0,99.0,2020/03/18 1600
999,5.1,5.7,99.0,99.0,99.0,999,9999.0,20.9,999.0,999.0,99.0,99.0,2020/03/18 1700
999,5.1,6.2,99.0,99.0,99.0,999,9999.0,21.0,999.0,999.0,99.0,99.0,2020/03/18 1800
999,5.7,6.7,99.0,99.0,99.0,999,9999.0,21.2,999.0,999.0,99.0,99.0,2020/03/18 1900
999,4.6,5.7,99.0,99.0,99.0,999,9999.0,21.4,999.0,999.0,99.0,99.0,2020/03/18 2000
999,5.7,6.2,99.0,99.0,99.0,999,9999.0,21.4,999.0,999.0,99.0,99.0,2020/03/18 2100
999,4.6,5.7,99.0,99.0,99.0,999,9999.0,21.4,999.0,999.0,99.0,99.0,2020/03/18 2200
999,5.7,5.7,99.0,99.0,99.0,999,9999.0,21.2,999.0,999.0,99.0,99.0,2020/03/18 2300
999,6.2,7.2,99.0,99.0,99.0,999,9999.0,21.1,999.0,999.0,99.0,99.0,2020/03/19 0000
999,6.2,7.7,99.0,99.0,99.0,999,9999.0,21.0,999.0,999.0,99.0,99.0,2020/03/19 0100
999,6.7,7.7,99.0,99.0,99.0,999,9999.0,20.8,999.0,999.0,99.0,99.0,2020/03/19 0200
999,6.7,7.7,99.0,99.0,99.0,999,9999.0,20.6,999.0,999.0,99.0,99.0,2020/03/19 0300
999,7.7,9.3,99.0,99.0,99.0,999,9999.0,20.8,999.0,999.0,99.0,99.0,2020/03/19 0400
999,7.2,8.8,99.0,99.0,99.0,999,9999.0,20.6,999.0,999.0,99.0,99.0,2020/03/19 0500
999,7.7,8.8,99.0,99.0,99.0,999,9999.0,20.5,999.0,999.0,99.0,99.0,2020/03/19 0600
999,7.7,8.8,99.0,99.0,99.0,999,9999.0,20.5,999.0,999.0,99.0,99.0,2020/03/19 0700
999,7.7,9.3,99.0,99.0,99.0,999,9999.0,20.6,999.0,999.0,99.0,99.0,2020/03/19 0800
999,7.7,8.8,99.0,99.0,99.0,999,9999.0,20.6,999.0,999.0,99.0,99.0,2020/03/19 0900
999,8.2,9.8,99.0,99.0,99.0,999,9999.0,20.7,999.0,999.0,99.0,99.0,2020/03/19 1000
999,7.7,8.8,99.0,99.0,99.0,999,9999.0,20.5,999.0,999.0,99.0,99.0,2020/03/19 1100
999,7.2,8.8,99.0,99.0,99.0,999,9999.0,20.2,999.0,999.0,99.0,99.0,2020/03/19 1200
999,7.2,8.2,99.0,99.0,99.0,999,9999.0,19.5,999.0,999.0,99.0,99.0,2020/03/19 1300
999,7.2,7.7,99.0,99.0,99.0,999,9999.0,15.8,999.0,999.0,99.0,99.0,2020/03/19 1400
999,6.7,7.7,99.0,99.0,99.0,999,9999.0,14.6,999.0,999.0,99.0,99.0,2020/03/19 1500
999,6.2,7.2,99.0,99.0,99.0,999,9999.0,15.2,999.0,999.0,99.0,99.0,2020/03/19 1600
999,5.1,6.2,99.0,99.0,99.0,999,9999.0,19.8,999.0,999.0,99.0,99.0,2020/03/19 1700
999,5.7,6.7,99.0,99.0,99.0,999,9999.0,22.0,999.0,999.0,99.0,99.0,2020/03/19 1800
999,5.7,6.7,99.0,99.0,99.0,999,9999.0,22.3,999.0,999.0,99.0,99.0,2020/03/19 1900
999,6.2,7.2,99.0,99.0,99.0,999,9999.0,22.4,999.0,999.0,99.0,99.0,2020/03/19 2000
999,6.7,7.7,99.0,99.0,99.0,999,9999.0,22.6,999.0,999.0,99.0,99.0,2020/03/19 2100
999,7.2,8.8,99.0,99.0,99.0,999,9999.0,22.7,999.0,999.0,99.0,99.0,2020/03/19 2200
999,7.2,8.2,99.0,99.0,99.0,999,9999.0,22.7,999.0,999.0,99.0,99.0,2020/03/19 2300
999,7.2,8.8,99.0,99.0,99.0,999,9999.0,22.5,999.0,999.0,99.0,99.0,2020/03/20 0000
999,7.2,8.2,99.0,99.0,99.0,999,9999.0,22.4,999.0,999.0,99.0,99.0,2020/03/20 0100
999,7.7,8.2,99.0,99.0,99.0,999,9999.0,22.3,999.0,999.0,99.0,99.0,2020/03/20 0200
999,8.8,9.8,99.0,99.0,99.0,999,9999.0,22.3,999.0,999.0,99.0,99.0,2020/03/20 0300
999,7.7,8.8,99.0,99.0,99.0,999,9999.0,22.1,999.0,999.0,99.0,99.0,2020/03/20 0400
999,7.2,8.2,99.0,99.0,99.0,999,9999.0,22.1,999.0,999.0,99.0,99.0,2020/03/20 0500
999,7.2,7.7,99.0,99.0,99.0,999,9999.0,22.2,999.0,999.0,99.0,99.0,2020/03/20 0600
999,7.7,8.2,99.0,99.0,99.0,999,9999.0,21.8,999.0,999.0,99.0,99.0,2020/03/20 0700
999,7.2,8.2,99.0,99.0,99.0,999,9999.0,21.8,999.0,999.0,99.0,99.0,2020/03/20 0800
999,6.7,7.7,99.0,99.0,99.0,999,9999.0,22.8,999.0,999.0,99.0,99.0,2020/03/20 0900
999,5.7,6.2,99.0,99.0,99.0,999,9999.0,22.6,999.0,999.0,99.0,99.0,2020/03/20 1000
999,3.6,4.1,99.0,99.0,99.0,999,9999.0,22.2,999.0,999.0,99.0,99.0,2020/03/20 1100
999,3.6,4.1,99.0,99.0,99.0,999,9999.0,21.9,999.0,999.0,99.0,99.0,2020/03/20 1200
999,3.6,4.6,99.0,99.0,99.0,999,9999.0,21.8,999.0,999.0,99.0,99.0,2020/03/20 1300
999,3.6,4.1,99.0,99.0,99.0,999,9999.0,21.8,999.0,999.0,99.0,99.0,2020/03/20 1400
999,4.6,6.2,99.0,99.0,99.0,999,9999.0,21.6,999.0,999.0,99.0,99.0,2020/03/20 1700
999,4.6,5.1,99.0,99.0,99.0,999,9999.0,21.7,999.0,999.0,99.0,99.0,2020/03/20 1800
999,5.7,6.2,99.0,99.0,99.0,999,9999.0,21.6,999.0,999.0,99.0,99.0,2020/03/20 1900
999,4.6,5.1,99.0,99.0,99.0,999,9999.0,21.9,999.0,999.0,99.0,99.0,2020/03/20 2000
999,4.6,5.7,99.0,99.0,99.0,999,9999.0,22.0,999.0,999.0,99.0,99.0,2020/03/20 2100
999,4.6,5.7,99.0,99.0,99.0,999,9999.0,22.0,999.0,999.0,99.0,99.0,2020/03/20 2200
999,4.1,4.6,99.0,99.0,99.0,999,9999.0,21.7,999.0,999.0,99.0,99.0,2020/03/20 2300
999,5.1,5.7,99.0,99.0,99.0,999,9999.0,21.6,999.0,999.0,99.0,99.0,2020/03/21 0000
999,5.1,5.1,99.0,99.0,99.0,999,9999.0,21.5,999.0,999.0,99.0,99.0,2020/03/21 0100
999,3.6,4.1,99.0,99.0,99.0,999,9999.0,21.4,999.0,999.0,99.0,99.0,2020/03/21 0200
999,9.8,12.9,99.0,99.0,99.0,999,9999.0,19.1,999.0,999.0,99.0,99.0,2020/03/21 0300
999,10.3,12.4,99.0,99.0,99.0,999,9999.0,20.0,999.0,999.0,99.0,99.0,2020/03/21 0400
999,8.2,9.8,99.0,99.0,99.0,999,9999.0,19.2,999.0,999.0,99.0,99.0,2020/03/21 0500
999,7.7,9.3,99.0,99.0,99.0,999,9999.0,18.9,999.0,999.0,99.0,99.0,2020/03/21 0600
999,7.7,9.3,99.0,99.0,99.0,999,9999.0,19.3,999.0,999.0,99.0,99.0,2020/03/21 0700
999,8.2,9.3,99.0,99.0,99.0,999,9999.0,19.0,999.0,999.0,99.0,99.0,2020/03/21 0800
999,9.8,11.3,99.0,99.0,99.0,999,9999.0,18.7,999.0,999.0,99.0,99.0,2020/03/21 0900
999,8.2,9.8,99.0,99.0,99.0,999,9999.0,18.9,999.0,999.0,99.0,99.0,2020/03/21 1000
999,9.3,10.3,99.0,99.0,99.0,999,9999.0,18.9,999.0,999.0,99.0,99.0,2020/03/21 1100
999,8.8,10.3,99.0,99.0,99.0,999,9999.0,19.0,999.0,999.0,99.0,99.0,2020/03/21 1200
999,8.8,9.8,99.0,99.0,99.0,999,9999.0,18.7,999.0,999.0,99.0,99.0,2020/03/21 1300
999,7.7,8.8,99.0,99.0,99.0,999,9999.0,19.0,999.0,999.0,99.0,99.0,2020/03/21 1400
999,7.7,9.3,99.0,99.0,99.0,999,9999.0,18.9,999.0,999.0,99.0,99.0,2020/03/21 1500
999,7.7,8.2,99.0,99.0,99.0,999,9999.0,18.9,999.0,999.0,99.0,99.0,2020/03/21 1600
999,6.7,8.2,99.0,99.0,99.0,999,9999.0,19.4,999.0,999.0,99.0,99.0,2020/03/21 1700
999,7.2,8.8,99.0,99.0,99.0,999,9999.0,19.8,999.0,999.0,99.0,99.0,2020/03/21 1800
999,6.7,8.2,99.0,99.0,99.0,999,9999.0,20.5,999.0,999.0,99.0,99.0,2020/03/21 1900
999,6.7,7.7,99.0,99.0,99.0,999,9999.0,20.5,999.0,999.0,99.0,99.0,2020/03/21 2000
999,6.7,7.7,99.0,99.0,99.0,999,9999.0,20.8,999.0,999.0,99.0,99.0,2020/03/21 2100
999,6.2,7.2,99.0,99.0,99.0,999,9999.0,20.9,999.0,999.0,99.0,99.0,2020/03/21 2200
999,6.7,7.7,99.0,99.0,99.0,999,9999.0,21.2,999.0,999.0,99.0,99.0,2020/03/21 2300
999,6.7,7.7,99.0,99.0,99.0,999,9999.0,21.3,999.0,999.0,99.0,99.0,2020/03/22 0000
999,5.7,7.2,99.0,99.0,99.0,999,9999.0,20.3,999.0,999.0,99.0,99.0,2020/03/22 0100
999,7.2,9.3,99.0,99.0,99.0,999,9999.0,19.4,999.0,999.0,99.0,99.0,2020/03/22 0200
999,7.7,8.2,99.0,99.0,99.0,999,9999.0,19.4,999.0,999.0,99.0,99.0,2020/03/22 0300
999,8.8,9.8,99.0,99.0,99.0,999,9999.0,19.3,999.0,999.0,99.0,99.0,2020/03/22 0400
999,7.7,8.2,99.0,99.0,99.0,999,9999.0,19.6,999.0,999.0,99.0,99.0,2020/03/22 0500
999,7.7,8.2,99.0,99.0,99.0,999,9999.0,20.0,999.0,999.0,99.0,99.0,2020/03/22 0600
999,7.7,9.3,99.0,99.0,99.0,999,9999.0,20.0,999.0,999.0,99.0,99.0,2020/03/22 0700
999,6.7,7.2,99.0,99.0,99.0,999,9999.0,19.9,999.0,999.0,99.0,99.0,2020/03/22 0800
999,7.2,7.7,99.0,99.0,99.0,999,9999.0,20.0,999.0,999.0,99.0,99.0,2020/03/22 0900
999,6.7,7.7,99.0,99.0,99.0,999,9999.0,19.8,999.0,999.0,99.0,99.0,2020/03/22 1000
999,7.2,7.7,99.0,99.0,99.0,999,9999.0,19.6,999.0,999.0,99.0,99.0,2020/03/22 1100
999,7.2,8.2,99.0,99.0,99.0,999,9999.0,19.3,999.0,999.0,99.0,99.0,2020/03/22 1200
999,7.7,8.8,99.0,99.0,99.0,999,9999.0,19.4,999.0,999.0,99.0,99.0,2020/03/22 1300
999,8.2,9.3,99.0,99.0,99.0,999,9999.0,19.1,999.0,999.0,99.0,99.0,2020/03/22 1400
999,8.8,9.8,99.0,99.0,99.0,999,9999.0,19.4,999.0,999.0,99.0,99.0,2020/03/22 1500
999,9.3,10.3,99.0,99.0,99.0,999,9999.0,19.5,999.0,999.0,99.0,99.0,2020/03/22 1600
999,8.8,9.8,99.0,99.0,99.0,999,9999.0,19.8,999.0,999.0,99.0,99.0,2020/03/22 1700
999,7.7,8.2,99.0,99.0,99.0,999,9999.0,20.5,999.0,999.0,99.0,99.0,2020/03/22 1800
999,6.7,8.2,99.0,99.0,99.0,999,9999.0,21.8,999.0,999.0,99.0,99.0,2020/03/22 1900
999,7.2,7.7,99.0,99.0,99.0,999,9999.0,22.4,999.0,999.0,99.0,99.0,2020/03/22 2000
999,7.2,8.2,99.0,99.0,99.0,999,9999.0,22.4,999.0,999.0,99.0,99.0,2020/03/22 2100
999,7.2,8.2,99.0,99.0,99.0,999,9999.0,22.4,999.0,999.0,99.0,99.0,2020/03/22 2200
999,7.2,7.7,99.0,99.0,99.0,999,9999.0,22.3,999.0,999.0,99.0,99.0,2020/03/22 2300
999,7.2,7.7,99.0,99.0,99.0,999,9999.0,22.2,999.0,999.0,99.0,99.0,2020/03/23 0000
999,5.1,6.2,99.0,99.0,99.0,999,9999.0,22.2,999.0,999.0,99.0,99.0,2020/03/23 0100
999,5.7,6.2,99.0,99.0,99.0,999,9999.0,22.2,999.0,999.0,99.0,99.0,2020/03/23 0200
999,5.7,6.2,99.0,99.0,99.0,999,9999.0,22.2,999.0,999.0,99.0,99.0,2020/03/23 0300
999,5.1,5.7,99.0,99.0,99.0,999,9999.0,24.3,999.0,999.0,99.0,99.0,2020/03/23 0400
999,4.6,5.7,99.0,99.0,99.0,999,9999.0,24.3,999.0,999.0,99.0,99.0,2020/03/23 0500
999,4.6,5.7,99.0,99.0,99.0,999,9999.0,22.8,999.0,999.0,99.0,99.0,2020/03/23 0600
999,4.1,5.1,99.0,99.0,99.0,999,9999.0,22.8,999.0,999.0,99.0,99.0,2020/03/23 0700
999,4.6,5.7,99.0,99.0,99.0,999,9999.0,22.8,999.0,999.0,99.0,99.0,2020/03/23 0800
999,2.6,4.6,99.0,99.0,99.0,999,9999.0,22.4,999.0,999.0,99.0,99.0,2020/03/23 0900
999,1.5,3.6,99.0,99.0,99.0,999,9999.0,22.3,999.0,999.0,99.0,99.0,2020/03/23 1000
999,1.5,3.6,99.0,99.0,99.0,999,9999.0,22.2,999.0,999.0,99.0,99.0,2020/03/23 1100
999,1.5,4.1,99.0,99.0,99.0,999,9999.0,22.2,999.0,999.0,99.0,99.0,2020/03/23 1200
999,1.5,3.1,99.0,99.0,99.0,999,9999.0,22.3,999.0,999.0,99.0,99.0,2020/03/23 1300
999,2.6,4.1,99.0,99.0,99.0,999,9999.0,23.0,999.0,999.0,99.0,99.0,2020/03/23 1400
999,1.0,2.6,99.0,99.0,99.0,999,9999.0,23.6,999.0,999.0,99.0,99.0,2020/03/23 1500
999,1.0,3.1,99.0,99.0,99.0,999,9999.0,24.3,999.0,999.0,99.0,99.0,2020/03/23 1600
999,2.1,3.6,99.0,99.0,99.0,999,9999.0,24.0,999.0,999.0,99.0,99.0,2020/03/23 1700
999,1.5,3.1,99.0,99.0,99.0,999,9999.0,24.6,999.0,999.0,99.0,99.0,2020/03/23 1800
999,1.5,3.1,99.0,99.0,99.0,999,9999.0,24.4,999.0,999.0,99.0,99.0,2020/03/23 1900
999,1.0,3.6,99.0,99.0,99.0,999,9999.0,25.0,999.0,999.0,99.0,99.0,2020/03/23 2000
999,2.1,4.1,99.0,99.0,99.0,999,9999.0,24.0,999.0,999.0,99.0,99.0,2020/03/23 2100
999,2.1,3.6,99.0,99.0,99.0,999,9999.0,24.4,999.0,999.0,99.0,99.0,2020/03/23 2200
999,1.0,2.6,99.0,99.0,99.0,999,9999.0,24.0,999.0,999.0,99.0,99.0,2020/03/23 2300
999,2.6,3.6,99.0,99.0,99.0,999,9999.0,23.4,999.0,999.0,99.0,99.0,2020/03/24 0000
999,1.5,3.6,99.0,99.0,99.0,999,9999.0,23.1,999.0,999.0,99.0,99.0,2020/03/24 0100
999,4.6,5.7,99.0,99.0,99.0,999,9999.0,23.0,999.0,999.0,99.0,99.0,2020/03/24 0200
999,5.1,6.2,99.0,99.0,99.0,999,9999.0,23.1,999.0,999.0,99.0,99.0,2020/03/24 0300
999,5.1,6.2,99.0,99.0,99.0,999,9999.0,24.8,999.0,999.0,99.0,99.0,2020/03/24 0400
999,5.7,7.2,99.0,99.0,99.0,999,9999.0,24.9,999.0,999.0,99.0,99.0,2020/03/24 0500
999,4.6,7.7,99.0,99.0,99.0,999,9999.0,23.0,999.0,999.0,99.0,99.0,2020/03/24 0600
999,2.6,5.1,99.0,99.0,99.0,999,9999.0,22.7,999.0,999.0,99.0,99.0,2020/03/24 0700
999,2.6,5.7,99.0,99.0,99.0,999,9999.0,22.6,999.0,999.0,99.0,99.0,2020/03/24 0800
999,4.1,6.2,99.0,99.0,99.0,999,9999.0,22.6,999.0,999.0,99.0,99.0,2020/03/24 0900
999,3.6,5.1,99.0,99.0,99.0,999,9999.0,22.5,999.0,999.0,99.0,99.0,2020/03/24 1000
999,4.1,6.2,99.0,99.0,99.0,999,9999.0,22.4,999.0,999.0,99.0,99.0,2020/03/24 1100
999,3.1,5.7,99.0,99.0,99.0,999,9999.0,22.4,999.0,999.0,99.0,99.0,2020/03/24 1200
999,3.1,6.2,99.0,99.0,99.0,999,9999.0,22.6,999.0,999.0,99.0,99.0,2020/03/24 1300
999,2.1,4.6,99.0,99.0,99.0,999,9999.0,23.4,999.0,999.0,99.0,99.0,2020/03/24 1400
999,3.1,5.1,99.0,99.0,99.0,999,9999.0,23.7,999.0,999.0,99.0,99.0,2020/03/24 1500
999,4.1,6.2,99.0,99.0,99.0,999,9999.0,23.6,999.0,999.0,99.0,99.0,2020/03/24 1600
999,4.6,6.7,99.0,99.0,99.0,999,9999.0,23.6,999.0,999.0,99.0,99.0,2020/03/24 1700
999,5.1,7.2,99.0,99.0,99.0,999,9999.0,23.6,999.0,999.0,99.0,99.0,2020/03/24 1800
999,5.1,7.2,99.0,99.0,99.0,999,9999.0,23.5,999.0,999.0,99.0,99.0,2020/03/24 1900
999,5.1,7.2,99.0,99.0,99.0,999,9999.0,23.7,999.0,999.0,99.0,99.0,2020/03/24 2000
999,5.1,8.8,99.0,99.0,99.0,999,9999.0,24.0,999.0,999.0,99.0,99.0,2020/03/24 2100
999,2.6,5.7,99.0,99.0,99.0,999,9999.0,24.1,999.0,999.0,99.0,99.0,2020/03/24 2200
999,3.6,5.7,99.0,99.0,99.0,999,9999.0,24.0,999.0,999.0,99.0,99.0,2020/03/24 2300
999,4.1,6.2,99.0,99.0,99.0,999,9999.0,23.5,999.0,999.0,99.0,99.0,2020/03/25 0000
999,4.6,6.2,99.0,99.0,99.0,999,9999.0,23.1,999.0,999.0,99.0,99.0,2020/03/25 0100
999,3.1,6.2,99.0,99.0,99.0,999,9999.0,22.9,999.0,999.0,99.0,99.0,2020/03/25 0200
999,2.6,5.1,99.0,99.0,99.0,999,9999.0,22.8,999.0,999.0,99.0,99.0,2020/03/25 0300
999,3.1,6.7,99.0,99.0,99.0,999,9999.0,23.0,999.0,999.0,99.0,99.0,2020/03/25 0400
999,3.1,6.2,99.0,99.0,99.0,999,9999.0,23.0,999.0,999.0,99.0,99.0,2020/03/25 0500
999,6.2,9.8,99.0,99.0,99.0,999,9999.0,23.0,999.0,999.0,99.0,99.0,2020/03/25 0600
999,6.2,9.3,99.0,99.0,99.0,999,9999.0,22.9,999.0,999.0,99.0,99.0,2020/03/25 0700
999,8.2,9.8,99.0,99.0,99.0,999,9999.0,22.6,999.0,999.0,99.0,99.0,2020/03/25 0800
999,7.7,8.8,99.0,99.0,99.0,999,9999.0,22.7,999.0,999.0,99.0,99.0,2020/03/25 0900
999,7.2,8.8,99.0,99.0,99.0,999,9999.0,22.6,999.0,999.0,99.0,99.0,2020/03/25 1000
999,5.1,6.2,99.0,99.0,99.0,999,9999.0,22.5,999.0,999.0,99.0,99.0,2020/03/25 1100
999,4.6,5.1,99.0,99.0,99.0,999,9999.0,22.5,999.0,999.0,99.0,99.0,2020/03/25 1200
999,1.0,2.1,99.0,99.0,99.0,999,9999.0,22.7,999.0,999.0,99.0,99.0,2020/03/25 1300
999,3.6,4.6,99.0,99.0,99.0,999,9999.0,22.9,999.0,999.0,99.0,99.0,2020/03/25 1400
999,3.1,3.6,99.0,99.0,99.0,999,9999.0,22.9,999.0,999.0,99.0,99.0,2020/03/25 1500
999,3.1,4.1,99.0,99.0,99.0,999,9999.0,23.2,999.0,999.0,99.0,99.0,2020/03/25 1600
999,1.5,4.1,99.0,99.0,99.0,999,9999.0,24.8,999.0,999.0,99.0,99.0,2020/03/25 1700
999,2.6,3.6,99.0,99.0,99.0,999,9999.0,24.0,999.0,999.0,99.0,99.0,2020/03/25 1800
999,1.5,3.1,99.0,99.0,99.0,999,9999.0,25.1,999.0,999.0,99.0,99.0,2020/03/25 1900
999,1.5,2.6,99.0,99.0,99.0,999,9999.0,25.5,999.0,999.0,99.0,99.0,2020/03/25 2000
999,1.5,3.1,99.0,99.0,99.0,999,9999.0,25.6,999.0,999.0,99.0,99.0,2020/03/25 2100
999,1.5,3.1,99.0,99.0,99.0,999,9999.0,25.2,999.0,999.0,99.0,99.0,2020/03/25 2200
999,1.5,3.1,99.0,99.0,99.0,999,9999.0,25.6,999.0,999.0,99.0,99.0,2020/03/25 2300
999,2.1,3.6,99.0,99.0,99.0,999,9999.0,24.2,999.0,999.0,99.0,99.0,2020/03/26 0000
999,2.1,4.1,99.0,99.0,99.0,999,9999.0,23.1,999.0,999.0,99.0,99.0,2020/03/26 0100
999,2.1,4.6,99.0,99.0,99.0,999,9999.0,23.0,999.0,999.0,99.0,99.0,2020/03/26 0200
999,2.6,4.1,99.0,99.0,99.0,999,9999.0,22.8,999.0,999.0,99.0,99.0,2020/03/26 0300
999,2.1,4.1,99.0,99.0,99.0,999,9999.0,22.6,999.0,999.0,99.0,99.0,2020/03/26 0400
999,2.1,4.1,99.0,99.0,99.0,999,9999.0,22.6,999.0,999.0,99.0,99.0,2020/03/26 0500
999,2.1,3.6,99.0,99.0,99.0,999,9999.0,22.7,999.0,999.0,99.0,99.0,2020/03/26 0600
999,2.1,4.1,99.0,99.0,99.0,999,9999.0,22.9,999.0,999.0,99.0,99.0,2020/03/26 0700
999,1.5,3.6,99.0,99.0,99.0,999,9999.0,23.1,999.0,999.0,99.0,99.0,2020/03/26 0800
999,1.5,3.1,99.0,99.0,99.0,999,9999.0,23.2,999.0,999.0,99.0,99.0,2020/03/26 0900
999,2.1,3.6,99.0,99.0,99.0,999,9999.0,23.2,999.0,999.0,99.0,99.0,2020/03/26 1000
999,1.0,2.6,99.0,99.0,99.0,999,9999.0,23.0,999.0,999.0,99.0,99.0,2020/03/26 1100
999,1.0,2.1,99.0,99.0,99.0,999,9999.0,22.8,999.0,999.0,99.0,99.0,2020/03/26 1200
999,1.5,2.6,99.0,99.0,99.0,999,9999.0,23.2,999.0,999.0,99.0,99.0,2020/03/26 1300
999,2.1,4.1,99.0,99.0,99.0,999,9999.0,23.4,999.0,999.0,99.0,99.0,2020/03/26 1400
999,4.1,5.1,99.0,99.0,99.0,999,9999.0,23.4,999.0,999.0,99.0,99.0,2020/03/26 1500
999,5.1,5.7,99.0,99.0,99.0,999,9999.0,22.9,999.0,999.0,99.0,99.0,2020/03/26 1600
999,5.7,6.7,99.0,99.0,99.0,999,9999.0,23.0,999.0,999.0,99.0,99.0,2020/03/26 1700
999,5.7,6.2,99.0,99.0,99.0,999,9999.0,23.2,999.0,999.0,99.0,99.0,2020/03/26 1800
999,5.7,6.2,99.0,99.0,99.0,999,9999.0,24.4,999.0,999.0,99.0,99.0,2020/03/26 1900
999,6.2,6.7,99.0,99.0,99.0,999,9999.0,23.9,999.0,999.0,99.0,99.0,2020/03/26 2000
999,6.7,7.7,99.0,99.0,99.0,999,9999.0,25.9,999.0,999.0,99.0,99.0,2020/03/26 2100
999,6.2,7.2,99.0,99.0,99.0,999,9999.0,25.3,999.0,999.0,99.0,99.0,2020/03/26 2200
999,3.1,6.7,99.0,99.0,99.0,999,9999.0,24.4,999.0,999.0,99.0,99.0,2020/03/26 2300
999,4.1,7.2,99.0,99.0,99.0,999,9999.0,24.4,999.0,999.0,99.0,99.0,2020/03/27 0000
999,4.6,8.8,99.0,99.0,99.0,999,9999.0,24.3,999.0,999.0,99.0,99.0,2020/03/27 0100
999,6.7,9.3,99.0,99.0,99.0,999,9999.0,24.8,999.0,999.0,99.0,99.0,2020/03/27 0200
999,5.7,8.8,99.0,99.0,99.0,999,9999.0,24.3,999.0,999.0,99.0,99.0,2020/03/27 0300
999,7.2,9.3,99.0,99.0,99.0,999,9999.0,26.4,999.0,999.0,99.0,99.0,2020/03/27 0400
999,7.2,9.3,99.0,99.0,99.0,999,9999.0,26.5,999.0,999.0,99.0,99.0,2020/03/27 0500
999,7.2,9.8,99.0,99.0,99.0,999,9999.0,26.1,999.0,999.0,99.0,99.0,2020/03/27 0600
999,7.2,9.8,99.0,99.0,99.0,999,9999.0,25.5,999.0,999.0,99.0,99.0,2020/03/27 0700
999,7.7,10.3,99.0,99.0,99.0,999,9999.0,24.8,999.0,999.0,99.0,99.0,2020/03/27 0800
999,6.7,9.3,99.0,99.0,99.0,999,9999.0,24.2,999.0,999.0,99.0,99.0,2020/03/27 0900
999,6.2,9.8,99.0,99.0,99.0,999,9999.0,23.6,999.0,999.0,99.0,99.0,2020/03/27 1000
999,7.2,10.3,99.0,99.0,99.0,999,9999.0,23.6,999.0,999.0,99.0,99.0,2020/03/27 1100
999,5.1,9.3,99.0,99.0,99.0,999,9999.0,23.5,999.0,999.0,99.0,99.0,2020/03/27 1200
999,7.2,9.3,99.0,99.0,99.0,999,9999.0,23.8,999.0,999.0,99.0,99.0,2020/03/27 1300
999,5.7,9.3,99.0,99.0,99.0,999,9999.0,24.0,999.0,999.0,99.0,99.0,2020/03/27 1400
999,4.6,8.8,99.0,99.0,99.0,999,9999.0,24.1,999.0,999.0,99.0,99.0,2020/03/27 1500
999,4.1,7.2,99.0,99.0,99.0,999,9999.0,24.5,999.0,999.0,99.0,99.0,2020/03/27 1600
999,3.6,7.2,99.0,99.0,99.0,999,9999.0,24.6,999.0,999.0,99.0,99.0,2020/03/27 1700
999,4.6,6.7,99.0,99.0,99.0,999,9999.0,24.5,999.0,999.0,99.0,99.0,2020/03/27 1800
999,3.6,5.7,99.0,99.0,99.0,999,9999.0,24.7,999.0,999.0,99.0,99.0,2020/03/27 1900
999,4.6,6.2,99.0,99.0,99.0,999,9999.0,24.7,999.0,999.0,99.0,99.0,2020/03/27 2000
999,5.1,6.7,99.0,99.0,99.0,999,9999.0,25.9,999.0,999.0,99.0,99.0,2020/03/27 2100
999,5.7,6.7,99.0,99.0,99.0,999,9999.0,25.2,999.0,999.0,99.0,99.0,2020/03/27 2200
999,6.7,7.7,99.0,99.0,99.0,999,9999.0,24.6,999.0,999.0,99.0,99.0,2020/03/27 2300
999,6.2,6.7,99.0,99.0,99.0,999,9999.0,24.4,999.0,999.0,99.0,99.0,2020/03/28 0000
999,6.7,7.7,99.0,99.0,99.0,999,9999.0,24.0,999.0,999.0,99.0,99.0,2020/03/28 0100
999,8.2,9.3,99.0,99.0,99.0,999,9999.0,24.1,999.0,999.0,99.0,99.0,2020/03/28 0200
999,8.8,10.3,99.0,99.0,99.0,999,9999.0,24.1,999.0,999.0,99.0,99.0,2020/03/28 0300
999,9.3,11.3,99.0,99.0,99.0,999,9999.0,24.1,999.0,999.0,99.0,99.0,2020/03/28 0400
999,9.8,10.8,99.0,99.0,99.0,999,9999.0,24.3,999.0,999.0,99.0,99.0,2020/03/28 0500
999,8.8,10.3,99.0,99.0,99.0,999,9999.0,26.6,999.0,999.0,99.0,99.0,2020/03/28 0600
999,7.2,9.3,99.0,99.0,99.0,999,9999.0,26.3,999.0,999.0,99.0,99.0,2020/03/28 0700
999,8.8,11.3,99.0,99.0,99.0,999,9999.0,27.2,999.0,999.0,99.0,99.0,2020/03/28 0800
999,8.8,10.8,99.0,99.0,99.0,999,9999.0,27.0,999.0,999.0,99.0,99.0,2020/03/28 0900
999,7.7,10.3,99.0,99.0,99.0,999,9999.0,24.7,999.0,999.0,99.0,99.0,2020/03/28 1000
999,7.2,9.3,99.0,99.0,99.0,999,9999.0,25.0,999.0,999.0,99.0,99.0,2020/03/28 1100
999,6.2,7.2,99.0,99.0,99.0,999,9999.0,24.2,999.0,999.0,99.0,99.0,2020/03/28 1200
999,2.1,5.1,99.0,99.0,99.0,999,9999.0,23.9,999.0,999.0,99.0,99.0,2020/03/28 1300
999,3.6,6.2,99.0,99.0,99.0,999,9999.0,24.6,999.0,999.0,99.0,99.0,2020/03/28 1400
999,5.7,7.7,99.0,99.0,99.0,999,9999.0,24.9,999.0,999.0,99.0,99.0,2020/03/28 1500
999,4.6,6.2,99.0,99.0,99.0,999,9999.0,25.0,999.0,999.0,99.0,99.0,2020/03/28 1600
999,5.1,6.2,99.0,99.0,99.0,999,9999.0,26.3,999.0,999.0,99.0,99.0,2020/03/28 1700
999,5.7,7.2,99.0,99.0,99.0,999,9999.0,24.4,999.0,999.0,99.0,99.0,2020/03/28 1800
999,6.2,7.7,99.0,99.0,99.0,999,9999.0,25.7,999.0,999.0,99.0,99.0,2020/03/28 1900
999,7.2,8.8,99.0,99.0,99.0,999,9999.0,26.9,999.0,999.0,99.0,99.0,2020/03/28 2000
999,2.6,4.6,99.0,99.0,99.0,999,9999.0,25.5,999.0,999.0,99.0,99.0,2020/03/28 2100
999,4.1,6.7,99.0,99.0,99.0,999,9999.0,25.0,999.0,999.0,99.0,99.0,2020/03/28 2200
999,3.1,6.7,99.0,99.0,99.0,999,9999.0,25.0,999.0,999.0,99.0,99.0,2020/03/28 2300
999,2.6,6.2,99.0,99.0,99.0,999,9999.0,24.6,999.0,999.0,99.0,99.0,2020/03/29 0000
999,3.6,5.7,99.0,99.0,99.0,999,9999.0,24.3,999.0,999.0,99.0,99.0,2020/03/29 0100
999,3.1,6.2,99.0,99.0,99.0,999,9999.0,24.3,999.0,999.0,99.0,99.0,2020/03/29 0200
999,4.1,6.7,99.0,99.0,99.0,999,9999.0,24.2,999.0,999.0,99.0,99.0,2020/03/29 0300
999,4.6,7.7,99.0,99.0,99.0,999,9999.0,24.1,999.0,999.0,99.0,99.0,2020/03/29 0400
999,2.1,5.1,99.0,99.0,99.0,999,9999.0,24.1,999.0,999.0,99.0,99.0,2020/03/29 0500
999,3.1,5.1,99.0,99.0,99.0,999,9999.0,24.0,999.0,999.0,99.0,99.0,2020/03/29 0600
999,3.1,4.1,99.0,99.0,99.0,999,9999.0,23.8,999.0,999.0,99.0,99.0,2020/03/29 0700
999,2.1,4.1,99.0,99.0,99.0,999,9999.0,23.7,999.0,999.0,99.0,99.0,2020/03/29 0800
999,2.1,3.6,99.0,99.0,99.0,999,9999.0,22.4,999.0,999.0,99.0,99.0,2020/03/29 0900
999,5.1,7.2,99.0,99.0,99.0,999,9999.0,21.8,999.0,999.0,99.0,99.0,2020/03/29 1000
999,6.7,8.8,99.0,99.0,99.0,999,9999.0,22.4,999.0,999.0,99.0,99.0,2020/03/29 1100
999,8.8,9.8,99.0,99.0,99.0,999,9999.0,22.0,999.0,999.0,99.0,99.0,2020/03/29 1200
999,8.8,10.3,99.0,99.0,99.0,999,9999.0,22.0,999.0,999.0,99.0,99.0,2020/03/29 1300
999,9.3,10.8,99.0,99.0,99.0,999,9999.0,22.1,999.0,999.0,99.0,99.0,2020/03/29 1400
999,9.8,11.3,99.0,99.0,99.0,999,9999.0,22.5,999.0,999.0,99.0,99.0,2020/03/29 1500
999,8.2,9.8,99.0,99.0,99.0,999,9999.0,23.1,999.0,999.0,99.0,99.0,2020/03/29 1600
999,9.3,10.8,99.0,99.0,99.0,999,9999.0,23.4,999.0,999.0,99.0,99.0,2020/03/29 1700
999,7.2,8.8,99.0,99.0,99.0,999,9999.0,23.7,999.0,999.0,99.0,99.0,2020/03/29 1800
999,6.7,7.7,99.0,99.0,99.0,999,9999.0,24.3,999.0,999.0,99.0,99.0,2020/03/29 1900
999,6.2,6.7,99.0,99.0,99.0,999,9999.0,24.5,999.0,999.0,99.0,99.0,2020/03/29 2000
999,5.7,6.7,99.0,99.0,99.0,999,9999.0,24.8,999.0,999.0,99.0,99.0,2020/03/29 2100
999,6.2,6.7,99.0,99.0,99.0,999,9999.0,24.7,999.0,999.0,99.0,99.0,2020/03/29 2200
999,6.7,7.2,99.0,99.0,99.0,999,9999.0,24.5,999.0,999.0,99.0,99.0,2020/03/29 2300
999,6.7,7.7,99.0,99.0,99.0,999,9999.0,24.4,999.0,999.0,99.0,99.0,2020/03/30 0000
999,7.2,8.2,99.0,99.0,99.0,999,9999.0,24.0,999.0,999.0,99.0,99.0,2020/03/30 0100
999,7.7,8.8,99.0,99.0,99.0,999,9999.0,23.8,999.0,999.0,99.0,99.0,2020/03/30 0200
999,7.2,8.2,99.0,99.0,99.0,999,9999.0,23.4,999.0,999.0,99.0,99.0,2020/03/30 0300
999,6.7,7.7,99.0,99.0,99.0,999,9999.0,23.1,999.0,999.0,99.0,99.0,2020/03/30 0400
999,8.2,9.3,99.0,99.0,99.0,999,9999.0,23.4,999.0,999.0,99.0,99.0,2020/03/30 0500
999,8.2,9.3,99.0,99.0,99.0,999,9999.0,23.0,999.0,999.0,99.0,99.0,2020/03/30 0600
999,7.2,8.2,99.0,99.0,99.0,999,9999.0,22.5,999.0,999.0,99.0,99.0,2020/03/30 0700
999,7.7,8.8,99.0,99.0,99.0,999,9999.0,22.2,999.0,999.0,99.0,99.0,2020/03/30 0800
999,7.2,8.2,99.0,99.0,99.0,999,9999.0,21.7,999.0,999.0,99.0,99.0,2020/03/30 0900
999,8.2,9.8,99.0,99.0,99.0,999,9999.0,21.8,999.0,999.0,99.0,99.0,2020/03/30 1000
999,8.2,9.3,99.0,99.0,99.0,999,9999.0,21.9,999.0,999.0,99.0,99.0,2020/03/30 1100
999,8.2,9.3,99.0,99.0,99.0,999,9999.0,22.0,999.0,999.0,99.0,99.0,2020/03/30 1200
999,8.2,8.8,99.0,99.0,99.0,999,9999.0,21.7,999.0,999.0,99.0,99.0,2020/03/30 1300
999,8.8,10.3,99.0,99.0,99.0,999,9999.0,21.8,999.0,999.0,99.0,99.0,2020/03/30 1400
999,7.2,8.2,99.0,99.0,99.0,999,9999.0,21.6,999.0,999.0,99.0,99.0,2020/03/30 1500
999,6.7,7.7,99.0,99.0,99.0,999,9999.0,22.0,999.0,999.0,99.0,99.0,2020/03/30 1600
999,6.2,7.2,99.0,99.0,99.0,999,9999.0,22.3,999.0,999.0,99.0,99.0,2020/03/30 1700
999,5.7,6.7,99.0,99.0,99.0,999,9999.0,22.5,999.0,999.0,99.0,99.0,2020/03/30 1800
999,5.7,6.2,99.0,99.0,99.0,999,9999.0,23.1,999.0,999.0,99.0,99.0,2020/03/30 1900
999,7.7,8.8,99.0,99.0,99.0,999,9999.0,24.3,999.0,999.0,99.0,99.0,2020/03/30 2000
999,8.2,9.3,99.0,99.0,99.0,999,9999.0,24.5,999.0,999.0,99.0,99.0,2020/03/30 2100
999,8.2,9.3,99.0,99.0,99.0,999,9999.0,24.6,999.0,999.0,99.0,99.0,2020/03/30 2200
999,8.8,10.3,99.0,99.0,99.0,999,9999.0,24.6,999.0,999.0,99.0,99.0,2020/03/30 2300
999,8.2,9.8,99.0,99.0,99.0,999,9999.0,24.6,999.0,999.0,99.0,99.0,2020/03/31 0000
999,8.8,10.3,99.0,99.0,99.0,999,9999.0,24.4,999.0,999.0,99.0,99.0,2020/03/31 0100
999,8.8,9.8,99.0,99.0,99.0,999,9999.0,24.4,999.0,999.0,99.0,99.0,2020/03/31 0200
999,8.2,10.3,99.0,99.0,99.0,999,9999.0,27.2,999.0,999.0,99.0,99.0,2020/03/31 0300
999,7.7,10.3,99.0,99.0,99.0,999,9999.0,24.9,999.0,999.0,99.0,99.0,2020/03/31 0400
999,4.1,7.7,99.0,99.0,99.0,999,9999.0,24.3,999.0,999.0,99.0,99.0,2020/03/31 0500
999,4.1,7.2,99.0,99.0,99.0,999,9999.0,24.1,999.0,999.0,99.0,99.0,2020/03/31 0600
999,3.6,7.2,99.0,99.0,99.0,999,9999.0,24.2,999.0,999.0,99.0,99.0,2020/03/31 0700
999,3.6,6.7,99.0,99.0,99.0,999,9999.0,24.0,999.0,999.0,99.0,99.0,2020/03/31 0800
999,4.6,7.7,99.0,99.0,99.0,999,9999.0,23.9,999.0,999.0,99.0,99.0,2020/03/31 0900
999,3.1,6.7,99.0,99.0,99.0,999,9999.0,24.1,999.0,999.0,99.0,99.0,2020/03/31 1000
999,4.6,9.3,99.0,99.0,99.0,999,9999.0,24.2,999.0,999.0,99.0,99.0,2020/03/31 1100
999,9.8,13.4,99.0,99.0,99.0,999,9999.0,24.2,999.0,999.0,99.0,99.0,2020/03/31 1200
999,10.8,13.9,99.0,99.0,99.0,999,9999.0,24.0,999.0,999.0,99.0,99.0,2020/03/31 1300
999,10.8,13.4,99.0,99.0,99.0,999,9999.0,23.7,999.0,999.0,99.0,99.0,2020/03/31 1400
999,9.8,12.4,99.0,99.0,99.0,999,9999.0,23.7,999.0,999.0,99.0,99.0,2020/03/31 1500
999,5.7,9.3,99.0,99.0,99.0,999,9999.0,24.5,999.0,999.0,99.0,99.0,2020/03/31 1600
999,7.2,9.8,99.0,99.0,99.0,999,9999.0,24.3,999.0,999.0,99.0,99.0,2020/03/31 1700
999,6.7,8.8,99.0,99.0,99.0,999,9999.0,23.8,999.0,999.0,99.0,99.0,2020/03/31 1800
999,3.6,5.1,99.0,99.0,99.0,999,9999.0,23.2,999.0,999.0,99.0,99.0,2020/03/31 1900
999,4.1,6.2,99.0,99.0,99.0,999,9999.0,22.4,999.0,999.0,99.0,99.0,2020/03/31 2000
999,4.1,6.7,99.0,99.0,99.0,999,9999.0,21.7,999.0,999.0,99.0,99.0,2020/03/31 2100
999,3.1,5.1,99.0,99.0,99.0,999,9999.0,21.3,999.0,999.0,99.0,99.0,2020/03/31 2200
999,4.1,6.2,99.0,99.0,99.0,999,9999.0,20.6,999.0,999.0,99.0,99.0,2020/03/31 2300
999,3.1,4.6,99.0,99.0,99.0,999,9999.0,19.4,999.0,999.0,99.0,99.0,2020/04/01 0000
999,3.6,5.1,99.0,99.0,99.0,999,9999.0,18.4,999.0,999.0,99.0,99.0,2020/04/01 0100
999,4.1,8.2,99.0,99.0,99.0,999,9999.0,18.0,999.0,999.0,99.0,99.0,2020/04/01 0200
999,6.7,10.8,99.0,99.0,99.0,999,9999.0,17.6,999.0,999.0,99.0,99.0,2020/04/01 0300
999,7.7,10.8,99.0,99.0,99.0,999,9999.0,17.1,999.0,999.0,99.0,99.0,2020/04/01 0400
999,7.7,10.8,99.0,99.0,99.0,999,9999.0,16.7,999.0,999.0,99.0,99.0,2020/04/01 0500
999,9.8,12.4,99.0,99.0,99.0,999,9999.0,15.9,999.0,999.0,99.0,99.0,2020/04/01 0600
999,9.8,11.8,99.0,99.0,99.0,999,9999.0,15.4,999.0,999.0,99.0,99.0,2020/04/01 0700
999,8.2,10.3,99.0,99.0,99.0,999,9999.0,15.0,999.0,999.0,99.0,99.0,2020/04/01 0800
999,8.8,10.3,99.0,99.0,99.0,999,9999.0,14.8,999.0,999.0,99.0,99.0,2020/04/01 0900
999,8.8,10.8,99.0,99.0,99.0,999,9999.0,14.9,999.0,999.0,99.0,99.0,2020/04/01 1000
999,8.2,9.8,99.0,99.0,99.0,999,9999.0,14.8,999.0,999.0,99.0,99.0,2020/04/01 1100
999,8.2,9.8,99.0,99.0,99.0,999,9999.0,14.7,999.0,999.0,99.0,99.0,2020/04/01 1200
999,8.2,9.8,99.0,99.0,99.0,999,9999.0,15.0,999.0,999.0,99.0,99.0,2020/04/01 1300
999,7.7,8.8,99.0,99.0,99.0,999,9999.0,15.2,999.0,999.0,99.0,99.0,2020/04/01 1400
999,6.7,8.2,99.0,99.0,99.0,999,9999.0,15.7,999.0,999.0,99.0,99.0,2020/04/01 1500
999,6.7,8.2,99.0,99.0,99.0,999,9999.0,15.9,999.0,999.0,99.0,99.0,2020/04/01 1600
999,6.2,7.7,99.0,99.0,99.0,999,9999.0,15.9,999.0,999.0,99.0,99.0,2020/04/01 1700
999,6.2,7.7,99.0,99.0,99.0,999,9999.0,16.7,999.0,999.0,99.0,99.0,2020/04/01 1800
999,5.1,6.7,99.0,99.0,99.0,999,9999.0,17.2,999.0,999.0,99.0,99.0,2020/04/01 1900
999,4.1,5.7,99.0,99.0,99.0,999,9999.0,17.6,999.0,999.0,99.0,99.0,2020/04/01 2000
999,3.1,5.1,99.0,99.0,99.0,999,9999.0,18.3,999.0,999.0,99.0,99.0,2020/04/01 2100
999,2.6,4.6,99.0,99.0,99.0,999,9999.0,18.6,999.0,999.0,99.0,99.0,2020/04/01 2200
999,3.6,5.1,99.0,99.0,99.0,999,9999.0,19.6,999.0,999.0,99.0,99.0,2020/04/01 2300
999,3.6,5.1,99.0,99.0,99.0,999,9999.0,19.5,999.0,999.0,99.0,99.0,2020/04/02 0000
999,4.1,5.7,99.0,99.0,99.0,999,9999.0,19.5,999.0,999.0,99.0,99.0,2020/04/02 0100
999,3.6,5.1,99.0,99.0,99.0,999,9999.0,19.6,999.0,999.0,99.0,99.0,2020/04/02 0200
999,3.6,5.1,99.0,99.0,99.0,999,9999.0,20.1,999.0,999.0,99.0,99.0,2020/04/02 0300
999,4.1,5.1,99.0,99.0,99.0,999,9999.0,20.0,999.0,999.0,99.0,99.0,2020/04/02 0400
999,4.6,5.7,99.0,99.0,99.0,999,9999.0,19.6,999.0,999.0,99.0,99.0,2020/04/02 0500
999,5.1,6.7,99.0,99.0,99.0,999,9999.0,19.9,999.0,999.0,99.0,99.0,2020/04/02 0600
999,4.6,5.7,99.0,99.0,99.0,999,9999.0,19.6,999.0,999.0,99.0,99.0,2020/04/02 0700
999,5.1,6.7,99.0,99.0,99.0,999,9999.0,19.8,999.0,999.0,99.0,99.0,2020/04/02 0800
999,4.6,6.7,99.0,99.0,99.0,999,9999.0,19.7,999.0,999.0,99.0,99.0,2020/04/02 0900
999,5.1,6.7,99.0,99.0,99.0,999,9999.0,19.9,999.0,999.0,99.0,99.0,2020/04/02 1000
999,4.6,6.7,99.0,99.0,99.0,999,9999.0,20.1,999.0,999.0,99.0,99.0,2020/04/02 1100
999,5.1,6.2,99.0,99.0,99.0,999,9999.0,20.1,999.0,999.0,99.0,99.0,2020/04/02 1200
999,6.2,7.2,99.0,99.0,99.0,999,9999.0,20.0,999.0,999.0,99.0,99.0,2020/04/02 1300
999,6.2,7.2,99.0,99.0,99.0,999,9999.0,19.9,999.0,999.0,99.0,99.0,2020/04/02 1400
999,6.7,7.7,99.0,99.0,99.0,999,9999.0,19.9,999.0,999.0,99.0,99.0,2020/04/02 1500
999,6.2,7.2,99.0,99.0,99.0,999,9999.0,20.1,999.0,999.0,99.0,99.0,2020/04/02 1600
999,8.2,9.3,99.0,99.0,99.0,999,9999.0,20.0,999.0,999.0,99.0,99.0,2020/04/02 1700
999,7.7,9.3,99.0,99.0,99.0,999,9999.0,19.9,999.0,999.0,99.0,99.0,2020/04/02 1800
999,8.2,9.3,99.0,99.0,99.0,999,9999.0,20.0,999.0,999.0,99.0,99.0,2020/04/02 1900
999,8.2,9.3,99.0,99.0,99.0,999,9999.0,20.4,999.0,999.0,99.0,99.0,2020/04/02 2000
999,7.2,8.8,99.0,99.0,99.0,999,9999.0,20.6,999.0,999.0,99.0,99.0,2020/04/02 2100
999,5.7,7.2,99.0,99.0,99.0,999,9999.0,21.0,999.0,999.0,99.0,99.0,2020/04/02 2200
999,6.2,7.7,99.0,99.0,99.0,999,9999.0,21.0,999.0,999.0,99.0,99.0,2020/04/02 2300
999,6.2,7.2,99.0,99.0,99.0,999,9999.0,21.0,999.0,999.0,99.0,99.0,2020/04/03 0000
999,7.7,8.8,99.0,99.0,99.0,999,9999.0,21.1,999.0,999.0,99.0,99.0,2020/04/03 0100
999,9.8,11.3,99.0,99.0,99.0,999,9999.0,21.3,999.0,999.0,99.0,99.0,2020/04/03 0200
999,7.2,8.2,99.0,99.0,99.0,999,9999.0,21.5,999.0,999.0,99.0,99.0,2020/04/03 0300
999,8.2,9.8,99.0,99.0,99.0,999,9999.0,21.7,999.0,999.0,99.0,99.0,2020/04/03 0400
999,7.2,8.2,99.0,99.0,99.0,999,9999.0,21.6,999.0,999.0,99.0,99.0,2020/04/03 0500
999,6.2,6.7,99.0,99.0,99.0,999,9999.0,21.7,999.0,999.0,99.0,99.0,2020/04/03 0600
999,5.1,6.2,99.0,99.0,99.0,999,9999.0,21.0,999.0,999.0,99.0,99.0,2020/04/03 0700
999,6.7,7.2,99.0,99.0,99.0,999,9999.0,20.2,999.0,999.0,99.0,99.0,2020/04/03 0800
999,6.7,7.7,99.0,99.0,99.0,999,9999.0,19.9,999.0,999.0,99.0,99.0,2020/04/03 0900
999,7.2,8.2,99.0,99.0,99.0,999,9999.0,19.9,999.0,999.0,99.0,99.0,2020/04/03 1000
999,6.7,7.7,99.0,99.0,99.0,999,9999.0,20.0,999.0,999.0,99.0,99.0,2020/04/03 1100
999,7.7,8.8,99.0,99.0,99.0,999,9999.0,20.1,999.0,999.0,99.0,99.0,2020/04/03 1200
999,7.7,8.8,99.0,99.0,99.0,999,9999.0,20.2,999.0,999.0,99.0,99.0,2020/04/03 1300
999,7.7,9.3,99.0,99.0,99.0,999,9999.0,20.1,999.0,999.0,99.0,99.0,2020/04/03 1400
999,7.2,8.8,99.0,99.0,99.0,999,9999.0,20.4,999.0,999.0,99.0,99.0,2020/04/03 1500
999,7.2,8.2,99.0,99.0,99.0,999,9999.0,20.4,999.0,999.0,99.0,99.0,2020/04/03 1600
999,8.2,9.8,99.0,99.0,99.0,999,9999.0,20.5,999.0,999.0,99.0,99.0,2020/04/03 1700
999,7.7,9.3,99.0,99.0,99.0,999,9999.0,21.1,999.0,999.0,99.0,99.0,2020/04/03 1800
999,7.2,8.8,99.0,99.0,99.0,999,9999.0,21.5,999.0,999.0,99.0,99.0,2020/04/03 1900
999,6.2,7.2,99.0,99.0,99.0,999,9999.0,21.9,999.0,999.0,99.0,99.0,2020/04/03 2000
999,6.7,8.2,99.0,99.0,99.0,999,9999.0,21.9,999.0,999.0,99.0,99.0,2020/04/03 2100
999,7.2,8.2,99.0,99.0,99.0,999,9999.0,21.9,999.0,999.0,99.0,99.0,2020/04/03 2200
999,7.2,8.2,99.0,99.0,99.0,999,9999.0,22.0,999.0,999.0,99.0,99.0,2020/04/03 2300
999,7.2,8.8,99.0,99.0,99.0,999,9999.0,21.8,999.0,999.0,99.0,99.0,2020/04/04 0000
999,7.7,8.8,99.0,99.0,99.0,999,9999.0,21.7,999.0,999.0,99.0,99.0,2020/04/04 0100
999,6.7,8.2,99.0,99.0,99.0,999,9999.0,21.7,999.0,999.0,99.0,99.0,2020/04/04 0200
999,6.2,6.7,99.0,99.0,99.0,999,9999.0,21.8,999.0,999.0,99.0,99.0,2020/04/04 0300
999,5.1,6.2,99.0,99.0,99.0,999,9999.0,21.0,999.0,999.0,99.0,99.0,2020/04/04 0400
999,5.7,6.7,99.0,99.0,99.0,999,9999.0,20.7,999.0,999.0,99.0,99.0,2020/04/04 0500
999,5.7,6.7,99.0,99.0,99.0,999,9999.0,20.8,999.0,999.0,99.0,99.0,2020/04/04 0600
999,4.1,4.6,99.0,99.0,99.0,999,9999.0,20.6,999.0,999.0,99.0,99.0,2020/04/04 0700
999,4.1,5.1,99.0,99.0,99.0,999,9999.0,20.3,999.0,999.0,99.0,99.0,2020/04/04 0800
999,5.7,6.7,99.0,99.0,99.0,999,9999.0,20.1,999.0,999.0,99.0,99.0,2020/04/04 0900
999,4.1,4.6,99.0,99.0,99.0,999,9999.0,20.1,999.0,999.0,99.0,99.0,2020/04/04 1000
999,4.6,5.1,99.0,99.0,99.0,999,9999.0,20.0,999.0,999.0,99.0,99.0,2020/04/04 1100
999,6.2,7.2,99.0,99.0,99.0,999,9999.0,19.9,999.0,999.0,99.0,99.0,2020/04/04 1200
999,6.7,7.7,99.0,99.0,99.0,999,9999.0,20.1,999.0,999.0,99.0,99.0,2020/04/04 1300
999,7.2,8.2,99.0,99.0,99.0,999,9999.0,19.9,999.0,999.0,99.0,99.0,2020/04/04 1400
999,6.7,7.2,99.0,99.0,99.0,999,9999.0,20.0,999.0,999.0,99.0,99.0,2020/04/04 1500
999,5.1,6.7,99.0,99.0,99.0,999,9999.0,20.2,999.0,999.0,99.0,99.0,2020/04/04 1600
999,5.7,6.7,99.0,99.0,99.0,999,9999.0,20.2,999.0,999.0,99.0,99.0,2020/04/04 1700
999,6.2,7.2,99.0,99.0,99.0,999,9999.0,20.4,999.0,999.0,99.0,99.0,2020/04/04 1800
999,6.2,7.7,99.0,99.0,99.0,999,9999.0,20.5,999.0,999.0,99.0,99.0,2020/04/04 1900
999,8.8,9.8,99.0,99.0,99.0,999,9999.0,19.8,999.0,999.0,99.0,99.0,2020/04/04 2000
999,7.7,9.3,99.0,99.0,99.0,999,9999.0,19.4,999.0,999.0,99.0,99.0,2020/04/04 2100
999,10.3,11.8,99.0,99.0,99.0,999,9999.0,17.8,999.0,999.0,99.0,99.0,2020/04/04 2200
999,8.8,9.8,99.0,99.0,99.0,999,9999.0,17.1,999.0,999.0,99.0,99.0,2020/04/04 2300
999,9.3,10.8,99.0,99.0,99.0,999,9999.0,16.8,999.0,999.0,99.0,99.0,2020/04/05 0000
999,11.3,13.9,99.0,99.0,99.0,999,9999.0,16.5,999.0,999.0,99.0,99.0,2020/04/05 0100
999,11.3,13.4,99.0,99.0,99.0,999,9999.0,17.3,999.0,999.0,99.0,99.0,2020/04/05 0200
999,9.8,12.4,99.0,99.0,99.0,999,9999.0,17.6,999.0,999.0,99.0,99.0,2020/04/05 0300
999,7.2,9.3,99.0,99.0,99.0,999,9999.0,17.3,999.0,999.0,99.0,99.0,2020/04/05 0400
999,5.1,6.2,99.0,99.0,99.0,999,9999.0,17.1,999.0,999.0,99.0,99.0,2020/04/05 0500
999,6.7,8.2,99.0,99.0,99.0,999,9999.0,17.5,999.0,999.0,99.0,99.0,2020/04/05 0600
999,8.8,10.3,99.0,99.0,99.0,999,9999.0,17.1,999.0,999.0,99.0,99.0,2020/04/05 0700
999,13.9,16.5,99.0,99.0,99.0,999,9999.0,17.8,999.0,999.0,99.0,99.0,2020/04/05 0800
999,8.8,10.3,99.0,99.0,99.0,999,9999.0,18.2,999.0,999.0,99.0,99.0,2020/04/05 0900
999,6.2,7.2,99.0,99.0,99.0,999,9999.0,17.1,999.0,999.0,99.0,99.0,2020/04/05 1000
999,7.2,8.2,99.0,99.0,99.0,999,9999.0,17.4,999.0,999.0,99.0,99.0,2020/04/05 1100
999,6.7,7.2,99.0,99.0,99.0,999,9999.0,17.4,999.0,999.0,99.0,99.0,2020/04/05 1200
999,7.2,8.2,99.0,99.0,99.0,999,9999.0,17.5,999.0,999.0,99.0,99.0,2020/04/05 1300
999,5.7,6.7,99.0,99.0,99.0,999,9999.0,18.0,999.0,999.0,99.0,99.0,2020/04/05 1400
999,4.6,5.7,99.0,99.0,99.0,999,9999.0,18.8,999.0,999.0,99.0,99.0,2020/04/05 1500
999,6.2,7.2,99.0,99.0,99.0,999,9999.0,19.5,999.0,999.0,99.0,99.0,2020/04/05 1600
999,4.6,5.1,99.0,99.0,99.0,999,9999.0,20.1,999.0,999.0,99.0,99.0,2020/04/05 1700
999,3.6,4.1,99.0,99.0,99.0,999,9999.0,20.2,999.0,999.0,99.0,99.0,2020/04/05 1800
999,5.1,6.2,99.0,99.0,99.0,999,9999.0,20.9,999.0,999.0,99.0,99.0,2020/04/05 1900
999,5.1,6.2,99.0,99.0,99.0,999,9999.0,21.5,999.0,999.0,99.0,99.0,2020/04/05 2000
999,4.6,5.7,99.0,99.0,99.0,999,9999.0,21.7,999.0,999.0,99.0,99.0,2020/04/05 2100
999,6.2,6.7,99.0,99.0,99.0,999,9999.0,22.0,999.0,999.0,99.0,99.0,2020/04/05 2200
999,6.2,7.2,99.0,99.0,99.0,999,9999.0,21.8,999.0,999.0,99.0,99.0,2020/04/05 2300
999,7.2,7.7,99.0,99.0,99.0,999,9999.0,21.6,999.0,999.0,99.0,99.0,2020/04/06 0000
999,6.7,7.7,99.0,99.0,99.0,999,9999.0,21.6,999.0,999.0,99.0,99.0,2020/04/06 0100
999,6.7,7.7,99.0,99.0,99.0,999,9999.0,21.6,999.0,999.0,99.0,99.0,2020/04/06 0200
999,6.2,7.2,99.0,99.0,99.0,999,9999.0,21.6,999.0,999.0,99.0,99.0,2020/04/06 0300
999,6.7,7.2,99.0,99.0,99.0,999,9999.0,21.3,999.0,999.0,99.0,99.0,2020/04/06 0400
999,5.1,5.7,99.0,99.0,99.0,999,9999.0,21.3,999.0,999.0,99.0,99.0,2020/04/06 0500
999,5.7,6.2,99.0,99.0,99.0,999,9999.0,21.2,999.0,999.0,99.0,99.0,2020/04/06 0600
999,4.1,5.1,99.0,99.0,99.0,999,9999.0,20.4,999.0,999.0,99.0,99.0,2020/04/06 0700
999,5.1,5.7,99.0,99.0,99.0,999,9999.0,20.1,999.0,999.0,99.0,99.0,2020/04/06 0800
999,4.1,5.1,99.0,99.0,99.0,999,9999.0,19.8,999.0,999.0,99.0,99.0,2020/04/06 0900
999,5.1,6.2,99.0,99.0,99.0,999,9999.0,19.7,999.0,999.0,99.0,99.0,2020/04/06 1000
999,6.7,9.8,99.0,99.0,99.0,999,9999.0,19.6,999.0,999.0,99.0,99.0,2020/04/06 1100
999,6.7,7.7,99.0,99.0,99.0,999,9999.0,19.9,999.0,999.0,99.0,99.0,2020/04/06 1200
999,6.7,7.7,99.0,99.0,99.0,999,9999.0,19.9,999.0,999.0,99.0,99.0,2020/04/06 1300
999,6.7,8.2,99.0,99.0,99.0,999,9999.0,19.9,999.0,999.0,99.0,99.0,2020/04/06 1400
999,6.2,7.2,99.0,99.0,99.0,999,9999.0,19.8,999.0,999.0,99.0,99.0,2020/04/06 1500
999,7.2,8.2,99.0,99.0,99.0,999,9999.0,20.1,999.0,999.0,99.0,99.0,2020/04/06 1600
999,6.7,7.7,99.0,99.0,99.0,999,9999.0,20.7,999.0,999.0,99.0,99.0,2020/04/06 1700
999,7.2,8.2,99.0,99.0,99.0,999,9999.0,21.0,999.0,999.0,99.0,99.0,2020/04/06 1800
999,7.7,8.8,99.0,99.0,99.0,999,9999.0,21.3,999.0,999.0,99.0,99.0,2020/04/06 1900
999,7.7,8.8,99.0,99.0,99.0,999,9999.0,21.3,999.0,999.0,99.0,99.0,2020/04/06 2000
999,6.7,7.7,99.0,99.0,99.0,999,9999.0,21.2,999.0,999.0,99.0,99.0,2020/04/06 2100
999,6.7,7.7,99.0,99.0,99.0,999,9999.0,21.3,999.0,999.0,99.0,99.0,2020/04/06 2200
999,7.2,8.2,99.0,99.0,99.0,999,9999.0,21.5,999.0,999.0,99.0,99.0,2020/04/06 2300
999,6.7,7.7,99.0,99.0,99.0,999,9999.0,21.5,999.0,999.0,99.0,99.0,2020/04/07 0000
999,5.1,6.2,99.0,99.0,99.0,999,9999.0,21.2,999.0,999.0,99.0,99.0,2020/04/07 0100
999,6.7,7.7,99.0,99.0,99.0,999,9999.0,21.3,999.0,999.0,99.0,99.0,2020/04/07 0200
999,5.7,6.7,99.0,99.0,99.0,999,9999.0,21.1,999.0,999.0,99.0,99.0,2020/04/07 0300
999,6.2,7.2,99.0,99.0,99.0,999,9999.0,21.1,999.0,999.0,99.0,99.0,2020/04/07 0400
999,5.1,5.7,99.0,99.0,99.0,999,9999.0,21.2,999.0,999.0,99.0,99.0,2020/04/07 0500
999,5.1,5.7,99.0,99.0,99.0,999,9999.0,21.0,999.0,999.0,99.0,99.0,2020/04/07 0600
999,5.7,6.2,99.0,99.0,99.0,999,9999.0,21.1,999.0,999.0,99.0,99.0,2020/04/07 0700
999,6.2,6.7,99.0,99.0,99.0,999,9999.0,21.4,999.0,999.0,99.0,99.0,2020/04/07 0800
999,5.1,5.1,99.0,99.0,99.0,999,9999.0,21.5,999.0,999.0,99.0,99.0,2020/04/07 0900
999,5.1,5.7,99.0,99.0,99.0,999,9999.0,21.5,999.0,999.0,99.0,99.0,2020/04/07 1000
999,4.6,5.1,99.0,99.0,99.0,999,9999.0,21.6,999.0,999.0,99.0,99.0,2020/04/07 1100
999,4.6,5.1,99.0,99.0,99.0,999,9999.0,21.8,999.0,999.0,99.0,99.0,2020/04/07 1200
999,3.6,4.1,99.0,99.0,99.0,999,9999.0,21.8,999.0,999.0,99.0,99.0,2020/04/07 1300
999,3.1,3.6,99.0,99.0,99.0,999,9999.0,22.1,999.0,999.0,99.0,99.0,2020/04/07 1400
999,4.1,5.1,99.0,99.0,99.0,999,9999.0,23.1,999.0,999.0,99.0,99.0,2020/04/07 1500
999,1.5,3.1,99.0,99.0,99.0,999,9999.0,23.8,999.0,999.0,99.0,99.0,2020/04/07 1600
999,2.1,3.6,99.0,99.0,99.0,999,9999.0,24.0,999.0,999.0,99.0,99.0,2020/04/07 1700
999,2.6,4.1,99.0,99.0,99.0,999,9999.0,24.1,999.0,999.0,99.0,99.0,2020/04/07 1800
999,1.5,3.1,99.0,99.0,99.0,999,9999.0,24.3,999.0,999.0,99.0,99.0,2020/04/07 1900
999,1.0,2.1,99.0,99.0,99.0,999,9999.0,25.3,999.0,999.0,99.0,99.0,2020/04/07 2000
999,1.0,2.1,99.0,99.0,99.0,999,9999.0,25.3,999.0,999.0,99.0,99.0,2020/04/07 2100
999,1.0,2.1,99.0,99.0,99.0,999,9999.0,25.1,999.0,999.0,99.0,99.0,2020/04/07 2200
999,1.0,2.6,99.0,99.0,99.0,999,9999.0,24.6,999.0,999.0,99.0,99.0,2020/04/07 2300
999,1.0,1.5,99.0,99.0,99.0,999,9999.0,24.1,999.0,999.0,99.0,99.0,2020/04/08 0000
999,1.5,2.6,99.0,99.0,99.0,999,9999.0,23.4,999.0,999.0,99.0,99.0,2020/04/08 0100
999,1.5,3.1,99.0,99.0,99.0,999,9999.0,23.1,999.0,999.0,99.0,99.0,2020/04/08 0200
999,3.6,5.1,99.0,99.0,99.0,999,9999.0,23.2,999.0,999.0,99.0,99.0,2020/04/08 0300
999,2.1,4.1,99.0,99.0,99.0,999,9999.0,23.1,999.0,999.0,99.0,99.0,2020/04/08 0400
999,1.5,2.1,99.0,99.0,99.0,999,9999.0,23.2,999.0,999.0,99.0,99.0,2020/04/08 0500
999,1.5,2.1,99.0,99.0,99.0,999,9999.0,23.2,999.0,999.0,99.0,99.0,2020/04/08 0600
999,1.5,2.6,99.0,99.0,99.0,999,9999.0,23.1,999.0,999.0,99.0,99.0,2020/04/08 0700
999,2.6,3.1,99.0,99.0,99.0,999,9999.0,22.9,999.0,999.0,99.0,99.0,2020/04/08 0800
999,2.6,3.6,99.0,99.0,99.0,999,9999.0,22.9,999.0,999.0,99.0,99.0,2020/04/08 0900
999,2.6,3.6,99.0,99.0,99.0,999,9999.0,22.9,999.0,999.0,99.0,99.0,2020/04/08 1000
999,2.1,3.1,99.0,99.0,99.0,999,9999.0,23.0,999.0,999.0,99.0,99.0,2020/04/08 1100
999,1.5,2.6,99.0,99.0,99.0,999,9999.0,22.9,999.0,999.0,99.0,99.0,2020/04/08 1200
999,2.1,3.6,99.0,99.0,99.0,999,9999.0,23.0,999.0,999.0,99.0,99.0,2020/04/08 1300
999,1.5,2.6,99.0,99.0,99.0,999,9999.0,23.2,999.0,999.0,99.0,99.0,2020/04/08 1400
999,1.0,2.1,99.0,99.0,99.0,999,9999.0,23.4,999.0,999.0,99.0,99.0,2020/04/08 1500
999,1.5,2.6,99.0,99.0,99.0,999,9999.0,24.4,999.0,999.0,99.0,99.0,2020/04/08 1600
999,2.1,3.1,99.0,99.0,99.0,999,9999.0,24.6,999.0,999.0,99.0,99.0,2020/04/08 1700
999,2.1,3.6,99.0,99.0,99.0,999,9999.0,25.5,999.0,999.0,99.0,99.0,2020/04/08 1800
999,1.5,3.1,99.0,99.0,99.0,999,9999.0,25.3,999.0,999.0,99.0,99.0,2020/04/08 1900
999,2.1,3.1,99.0,99.0,99.0,999,9999.0,25.3,999.0,999.0,99.0,99.0,2020/04/08 2000
999,2.6,3.6,99.0,99.0,99.0,999,9999.0,24.7,999.0,999.0,99.0,99.0,2020/04/08 2100
999,2.1,3.6,99.0,99.0,99.0,999,9999.0,24.7,999.0,999.0,99.0,99.0,2020/04/08 2200
999,2.6,4.6,99.0,99.0,99.0,999,9999.0,24.7,999.0,999.0,99.0,99.0,2020/04/08 2300
999,2.6,4.1,99.0,99.0,99.0,999,9999.0,24.3,999.0,999.0,99.0,99.0,2020/04/09 0000
999,2.6,4.6,99.0,99.0,99.0,999,9999.0,24.0,999.0,999.0,99.0,99.0,2020/04/09 0100
999,2.1,4.6,99.0,99.0,99.0,999,9999.0,23.9,999.0,999.0,99.0,99.0,2020/04/09 0200
999,1.5,2.6,99.0,99.0,99.0,999,9999.0,23.8,999.0,999.0,99.0,99.0,2020/04/09 0300
999,1.5,2.6,99.0,99.0,99.0,999,9999.0,23.6,999.0,999.0,99.0,99.0,2020/04/09 0400
999,2.6,3.6,99.0,99.0,99.0,999,9999.0,23.4,999.0,999.0,99.0,99.0,2020/04/09 0500
999,2.1,3.6,99.0,99.0,99.0,999,9999.0,23.3,999.0,999.0,99.0,99.0,2020/04/09 0600
999,3.1,6.7,99.0,99.0,99.0,999,9999.0,23.5,999.0,999.0,99.0,99.0,2020/04/09 0700
999,6.2,7.7,99.0,99.0,99.0,999,9999.0,23.3,999.0,999.0,99.0,99.0,2020/04/09 0800
999,6.2,7.2,99.0,99.0,99.0,999,9999.0,23.4,999.0,999.0,99.0,99.0,2020/04/09 0900
999,5.7,6.7,99.0,99.0,99.0,999,9999.0,23.4,999.0,999.0,99.0,99.0,2020/04/09 1000
999,5.1,6.2,99.0,99.0,99.0,999,9999.0,23.3,999.0,999.0,99.0,99.0,2020/04/09 1100
999,4.1,5.1,99.0,99.0,99.0,999,9999.0,23.2,999.0,999.0,99.0,99.0,2020/04/09 1200
999,4.1,5.7,99.0,99.0,99.0,999,9999.0,23.0,999.0,999.0,99.0,99.0,2020/04/09 1300
999,4.6,5.7,99.0,99.0,99.0,999,9999.0,23.2,999.0,999.0,99.0,99.0,2020/04/09 1400
999,4.1,5.1,99.0,99.0,99.0,999,9999.0,23.7,999.0,999.0,99.0,99.0,2020/04/09 1500
999,2.1,4.6,99.0,99.0,99.0,999,9999.0,24.8,999.0,999.0,99.0,99.0,2020/04/09 1600
999,2.6,4.1,99.0,99.0,99.0,999,9999.0,23.9,999.0,999.0,99.0,99.0,2020/04/09 1700
999,2.6,4.6,99.0,99.0,99.0,999,9999.0,24.8,999.0,999.0,99.0,99.0,2020/04/09 1800
999,3.1,5.1,99.0,99.0,99.0,999,9999.0,24.5,999.0,999.0,99.0,99.0,2020/04/09 1900
999,2.1,4.6,99.0,99.0,99.0,999,9999.0,25.8,999.0,999.0,99.0,99.0,2020/04/09 2000
999,2.1,3.6,99.0,99.0,99.0,999,9999.0,25.1,999.0,999.0,99.0,99.0,2020/04/09 2100
999,1.5,3.6,99.0,99.0,99.0,999,9999.0,24.8,999.0,999.0,99.0,99.0,2020/04/09 2200
999,3.1,4.1,99.0,99.0,99.0,999,9999.0,24.8,999.0,999.0,99.0,99.0,2020/04/09 2300
999,2.1,4.1,99.0,99.0,99.0,999,9999.0,24.5,999.0,999.0,99.0,99.0,2020/04/10 0000
999,2.1,4.1,99.0,99.0,99.0,999,9999.0,24.3,999.0,999.0,99.0,99.0,2020/04/10 0100
999,4.6,7.7,99.0,99.0,99.0,999,9999.0,24.5,999.0,999.0,99.0,99.0,2020/04/10 0200
999,8.2,11.8,99.0,99.0,99.0,999,9999.0,24.0,999.0,999.0,99.0,99.0,2020/04/10 0300
999,7.7,10.8,99.0,99.0,99.0,999,9999.0,21.9,999.0,999.0,99.0,99.0,2020/04/10 0400
999,7.2,8.8,99.0,99.0,99.0,999,9999.0,21.8,999.0,999.0,99.0,99.0,2020/04/10 0500
999,7.2,9.3,99.0,99.0,99.0,999,9999.0,21.6,999.0,999.0,99.0,99.0,2020/04/10 0600
999,5.1,7.2,99.0,99.0,99.0,999,9999.0,21.3,999.0,999.0,99.0,99.0,2020/04/10 0700
999,3.6,6.7,99.0,99.0,99.0,999,9999.0,21.4,999.0,999.0,99.0,99.0,2020/04/10 0800
999,8.8,9.8,99.0,99.0,99.0,999,9999.0,20.8,999.0,999.0,99.0,99.0,2020/04/10 0900
999,8.2,9.8,99.0,99.0,99.0,999,9999.0,20.5,999.0,999.0,99.0,99.0,2020/04/10 1000
999,5.7,6.7,99.0,99.0,99.0,999,9999.0,20.4,999.0,999.0,99.0,99.0,2020/04/10 1100
999,6.2,7.2,99.0,99.0,99.0,999,9999.0,20.1,999.0,999.0,99.0,99.0,2020/04/10 1200
999,5.7,7.2,99.0,99.0,99.0,999,9999.0,19.5,999.0,999.0,99.0,99.0,2020/04/10 1300
999,3.6,5.1,99.0,99.0,99.0,999,9999.0,19.6,999.0,999.0,99.0,99.0,2020/04/10 1400
999,8.2,10.8,99.0,99.0,99.0,999,9999.0,19.6,999.0,999.0,99.0,99.0,2020/04/10 1500
999,10.8,12.4,99.0,99.0,99.0,999,9999.0,20.2,999.0,999.0,99.0,99.0,2020/04/10 1600
999,10.3,11.8,99.0,99.0,99.0,999,9999.0,20.2,999.0,999.0,99.0,99.0,2020/04/10 1700
999,9.3,11.3,99.0,99.0,99.0,999,9999.0,20.2,999.0,999.0,99.0,99.0,2020/04/10 1800
999,8.2,9.8,99.0,99.0,99.0,999,9999.0,20.2,999.0,999.0,99.0,99.0,2020/04/10 1900
999,7.7,9.8,99.0,99.0,99.0,999,9999.0,20.6,999.0,999.0,99.0,99.0,2020/04/10 2000
999,7.7,9.3,99.0,99.0,99.0,999,9999.0,21.0,999.0,999.0,99.0,99.0,2020/04/10 2100
999,6.7,8.2,99.0,99.0,99.0,999,9999.0,21.2,999.0,999.0,99.0,99.0,2020/04/10 2200
999,6.7,8.2,99.0,99.0,99.0,999,9999.0,21.1,999.0,999.0,99.0,99.0,2020/04/10 2300
999,6.7,7.7,99.0,99.0,99.0,999,9999.0,21.0,999.0,999.0,99.0,99.0,2020/04/11 0000
999,6.7,7.7,99.0,99.0,99.0,999,9999.0,21.0,999.0,999.0,99.0,99.0,2020/04/11 0100
999,6.7,7.7,99.0,99.0,99.0,999,9999.0,20.8,999.0,999.0,99.0,99.0,2020/04/11 0200
999,5.7,6.7,99.0,99.0,99.0,999,9999.0,21.0,999.0,999.0,99.0,99.0,2020/04/11 0300
999,6.2,7.2,99.0,99.0,99.0,999,9999.0,20.3,999.0,999.0,99.0,99.0,2020/04/11 0400
999,6.7,7.7,99.0,99.0,99.0,999,9999.0,20.4,999.0,999.0,99.0,99.0,2020/04/11 0500
999,6.2,7.2,99.0,99.0,99.0,999,9999.0,20.4,999.0,999.0,99.0,99.0,2020/04/11 0600
999,7.2,8.2,99.0,99.0,99.0,999,9999.0,20.3,999.0,999.0,99.0,99.0,2020/04/11 0700
999,7.2,8.2,99.0,99.0,99.0,999,9999.0,20.2,999.0,999.0,99.0,99.0,2020/04/11 0800
999,8.2,9.3,99.0,99.0,99.0,999,9999.0,20.0,999.0,999.0,99.0,99.0,2020/04/11 0900
999,8.8,9.8,99.0,99.0,99.0,999,9999.0,19.7,999.0,999.0,99.0,99.0,2020/04/11 1000
999,8.8,9.8,99.0,99.0,99.0,999,9999.0,19.5,999.0,999.0,99.0,99.0,2020/04/11 1100
999,8.8,9.8,99.0,99.0,99.0,999,9999.0,19.4,999.0,999.0,99.0,99.0,2020/04/11 1200
999,8.8,10.3,99.0,99.0,99.0,999,9999.0,19.2,999.0,999.0,99.0,99.0,2020/04/11 1300
999,8.8,10.3,99.0,99.0,99.0,999,9999.0,19.1,999.0,999.0,99.0,99.0,2020/04/11 1400
999,8.8,9.8,99.0,99.0,99.0,999,9999.0,19.3,999.0,999.0,99.0,99.0,2020/04/11 1500
999,8.8,9.8,99.0,99.0,99.0,999,9999.0,19.4,999.0,999.0,99.0,99.0,2020/04/11 1600
999,7.7,9.3,99.0,99.0,99.0,999,9999.0,19.8,999.0,999.0,99.0,99.0,2020/04/11 1700
999,9.8,10.8,99.0,99.0,99.0,999,9999.0,21.3,999.0,999.0,99.0,99.0,2020/04/11 1800
999,9.8,11.8,99.0,99.0,99.0,999,9999.0,21.4,999.0,999.0,99.0,99.0,2020/04/11 1900
999,9.3,10.8,99.0,99.0,99.0,999,9999.0,21.5,999.0,999.0,99.0,99.0,2020/04/11 2000
999,8.8,9.8,99.0,99.0,99.0,999,9999.0,21.6,999.0,999.0,99.0,99.0,2020/04/11 2100
999,9.3,10.8,99.0,99.0,99.0,999,9999.0,21.8,999.0,999.0,99.0,99.0,2020/04/11 2200
999,8.2,9.3,99.0,99.0,99.0,999,9999.0,21.7,999.0,999.0,99.0,99.0,2020/04/11 2300
999,8.8,11.3,99.0,99.0,99.0,999,9999.0,21.9,999.0,999.0,99.0,99.0,2020/04/12 0000
999,9.3,10.8,99.0,99.0,99.0,999,9999.0,21.7,999.0,999.0,99.0,99.0,2020/04/12 0100
999,10.3,11.8,99.0,99.0,99.0,999,9999.0,21.7,999.0,999.0,99.0,99.0,2020/04/12 0200
999,9.8,11.3,99.0,99.0,99.0,999,9999.0,21.4,999.0,999.0,99.0,99.0,2020/04/12 0300
999,9.3,11.3,99.0,99.0,99.0,999,9999.0,21.2,999.0,999.0,99.0,99.0,2020/04/12 0400
999,8.2,9.8,99.0,99.0,99.0,999,9999.0,21.3,999.0,999.0,99.0,99.0,2020/04/12 0500
999,7.2,8.2,99.0,99.0,99.0,999,9999.0,21.6,999.0,999.0,99.0,99.0,2020/04/12 0600
999,8.2,9.8,99.0,99.0,99.0,999,9999.0,22.2,999.0,999.0,99.0,99.0,2020/04/12 0700
999,8.2,9.8,99.0,99.0,99.0,999,9999.0,22.2,999.0,999.0,99.0,99.0,2020/04/12 0800
999,8.8,10.3,99.0,99.0,99.0,999,9999.0,22.5,999.0,999.0,99.0,99.0,2020/04/12 0900
999,9.8,11.3,99.0,99.0,99.0,999,9999.0,22.8,999.0,999.0,99.0,99.0,2020/04/12 1000
999,7.7,8.8,99.0,99.0,99.0,999,9999.0,23.0,999.0,999.0,99.0,99.0,2020/04/12 1100
999,7.2,7.7,99.0,99.0,99.0,999,9999.0,23.2,999.0,999.0,99.0,99.0,2020/04/12 1200
999,8.8,10.3,99.0,99.0,99.0,999,9999.0,24.4,999.0,999.0,99.0,99.0,2020/04/12 1300
999,7.2,8.8,99.0,99.0,99.0,999,9999.0,26.1,999.0,999.0,99.0,99.0,2020/04/12 1400
999,7.2,8.8,99.0,99.0,99.0,999,9999.0,26.2,999.0,999.0,99.0,99.0,2020/04/12 1500
999,7.7,10.3,99.0,99.0,99.0,999,9999.0,26.2,999.0,999.0,99.0,99.0,2020/04/12 1600
999,5.1,7.7,99.0,99.0,99.0,999,9999.0,24.6,999.0,999.0,99.0,99.0,2020/04/12 1700
999,2.6,5.1,99.0,99.0,99.0,999,9999.0,24.7,999.0,999.0,99.0,99.0,2020/04/12 1800
999,3.6,6.7,99.0,99.0,99.0,999,9999.0,24.7,999.0,999.0,99.0,99.0,2020/04/12 1900
999,5.7,8.2,99.0,99.0,99.0,999,9999.0,24.7,999.0,999.0,99.0,99.0,2020/04/12 2000
999,3.1,5.7,99.0,99.0,99.0,999,9999.0,24.5,999.0,999.0,99.0,99.0,2020/04/12 2100
999,3.1,5.7,99.0,99.0,99.0,999,9999.0,24.3,999.0,999.0,99.0,99.0,2020/04/12 2200
999,3.6,6.7,99.0,99.0,99.0,999,9999.0,24.1,999.0,999.0,99.0,99.0,2020/04/12 2300
999,5.7,7.2,99.0,99.0,99.0,999,9999.0,24.3,999.0,999.0,99.0,99.0,2020/04/13 0000
999,4.1,6.7,99.0,99.0,99.0,999,9999.0,24.0,999.0,999.0,99.0,99.0,2020/04/13 0100
999,4.6,8.2,99.0,99.0,99.0,999,9999.0,24.0,999.0,999.0,99.0,99.0,2020/04/13 0200
999,9.3,11.3,99.0,99.0,99.0,999,9999.0,23.9,999.0,999.0,99.0,99.0,2020/04/13 0300
999,6.2,7.7,99.0,99.0,99.0,999,9999.0,24.3,999.0,999.0,99.0,99.0,2020/04/13 0400
999,5.1,6.2,99.0,99.0,99.0,999,9999.0,23.8,999.0,999.0,99.0,99.0,2020/04/13 0500
999,4.6,5.1,99.0,99.0,99.0,999,9999.0,23.8,999.0,999.0,99.0,99.0,2020/04/13 0600
999,2.6,3.1,99.0,99.0,99.0,999,9999.0,23.3,999.0,999.0,99.0,99.0,2020/04/13 0700
999,2.6,3.6,99.0,99.0,99.0,999,9999.0,23.0,999.0,999.0,99.0,99.0,2020/04/13 0800
999,0.5,2.1,99.0,99.0,99.0,999,9999.0,23.4,999.0,999.0,99.0,99.0,2020/04/13 0900
999,2.6,3.6,99.0,99.0,99.0,999,9999.0,23.8,999.0,999.0,99.0,99.0,2020/04/13 1000
999,2.1,3.6,99.0,99.0,99.0,999,9999.0,23.6,999.0,999.0,99.0,99.0,2020/04/13 1100
999,3.6,4.6,99.0,99.0,99.0,999,9999.0,21.2,999.0,999.0,99.0,99.0,2020/04/13 1200
999,3.1,4.6,99.0,99.0,99.0,999,9999.0,20.4,999.0,999.0,99.0,99.0,2020/04/13 1300
999,2.6,4.6,99.0,99.0,99.0,999,9999.0,19.0,999.0,999.0,99.0,99.0,2020/04/13 1400
999,3.6,6.2,99.0,99.0,99.0,999,9999.0,18.6,999.0,999.0,99.0,99.0,2020/04/13 1500
999,3.1,5.7,99.0,99.0,99.0,999,9999.0,18.2,999.0,999.0,99.0,99.0,2020/04/13 1600
999,4.6,7.2,99.0,99.0,99.0,999,9999.0,18.1,999.0,999.0,99.0,99.0,2020/04/13 1700
