,WSPD,GST,ATMP,Date,Original_Data,UMAP-0,UMAP-1
0,-1.396686044651711,-1.4614121352367235,-2.3178632363984426,1577836800.0,2020-01-01 00:00:00,15.5966215,1.6430712
1,-0.34363525147822915,-0.43447387804335014,-2.3178632363984426,1577840400.0,2020-01-01 01:00:00,15.480872,1.9372557
2,-0.5542454101129256,-0.43447387804335014,-2.3499411238666617,1577844000.0,2020-01-01 02:00:00,15.512262,1.9133828
3,-0.9754657273823183,-1.0664358824700415,-2.3820190113348807,1577847600.0,2020-01-01 03:00:00,15.638091,1.6353986
4,-1.8600283936480433,-1.8563883880034053,-2.4461747862713183,1577851200.0,2020-01-01 04:00:00,15.516995,1.352757
5,-1.8600283936480433,-1.8563883880034053,-2.4140968988030993,1577854800.0,2020-01-01 05:00:00,15.61814,0.9440828
6,-1.396686044651711,-1.4614121352367235,-2.4140968988030993,1577858400.0,2020-01-01 06:00:00,15.589077,0.75017124
7,-1.1860758860170146,-1.2639240088533825,-2.478252673739538,1577862000.0,2020-01-01 07:00:00,15.620896,0.40164852
8,-1.6494182350133468,-1.8563883880034053,-2.510330561207757,1577865600.0,2020-01-01 08:00:00,15.621983,0.005551811
9,-1.6494182350133468,-1.6589002616200643,-2.6065642236124136,1577869200.0,2020-01-01 09:00:00,15.618653,-0.3917765
10,-2.281248710917436,-2.290862266046756,-2.638642111080633,1577872800.0,2020-01-01 10:00:00,15.5793,-0.7963924
11,-1.1860758860170146,-1.4614121352367235,-2.638642111080633,1577876400.0,2020-01-01 11:00:00,15.5427065,-1.1912819
12,-1.1860758860170146,-1.4614121352367235,-2.6065642236124136,1577880000.0,2020-01-01 12:00:00,15.386672,-1.625605
13,-0.34363525147822915,-0.6714596297033596,-2.638642111080633,1577883600.0,2020-01-01 13:00:00,15.651059,-1.620684
14,-0.13302509284353276,-0.43447387804335014,-2.6707199985488517,1577887200.0,2020-01-01 14:00:00,15.742539,-1.9876183
15,-0.13302509284353276,-0.43447387804335014,-2.638642111080633,1577890800.0,2020-01-01 15:00:00,15.926217,-2.329948
16,0.11970709751810318,-0.039497625276668065,-2.6707199985488517,1577894400.0,2020-01-01 16:00:00,16.077784,-2.6656039
17,0.5409274147874961,0.15799050110667295,-2.6707199985488517,1577898000.0,2020-01-01 17:00:00,16.262491,-2.947708
18,0.3303172561527996,0.15799050110667295,-2.7027978860170707,1577901600.0,2020-01-01 18:00:00,16.644545,-3.3434048
19,0.11970709751810318,-0.2369857516600091,-2.6707199985488517,1577905200.0,2020-01-01 19:00:00,16.717995,-3.40188
20,0.3303172561527996,-0.039497625276668065,-2.5424084486759755,1577908800.0,2020-01-01 20:00:00,17.070335,-3.6974027
21,-0.13302509284353276,-0.43447387804335014,-2.3499411238666617,1577912400.0,2020-01-01 21:00:00,17.433313,-3.7347822
22,-0.13302509284353276,-0.2369857516600091,-2.3499411238666617,1577916000.0,2020-01-01 22:00:00,17.650225,-3.8680146
23,0.7515375734221924,0.5529667538733547,-2.3499411238666617,1577919600.0,2020-01-01 23:00:00,17.940483,-3.724634
24,0.7515375734221924,0.5529667538733547,-2.3178632363984426,1577923200.0,2020-01-02 00:00:00,18.159826,-3.4903858
25,1.172757890691585,1.1849287583000465,-2.2857853489302236,1577926800.0,2020-01-02 01:00:00,18.363531,-3.0711527
26,1.4254900810532212,1.1849287583000465,-2.2857853489302236,1577930400.0,2020-01-02 02:00:00,18.433842,-2.905057
27,1.6361002396879176,1.5799050110667285,-2.4461747862713183,1577934000.0,2020-01-02 03:00:00,18.449043,-2.5104015
28,2.2679307155920068,2.2118670154934197,-2.6065642236124136,1577937600.0,2020-01-02 04:00:00,18.474834,-2.3163276
29,1.4254900810532212,1.5799050110667285,-2.4140968988030993,1577941200.0,2020-01-02 05:00:00,18.405989,-2.1972666
30,1.4254900810532212,1.1849287583000465,-2.5744863361441945,1577944800.0,2020-01-02 06:00:00,18.400896,-1.846818
31,0.5409274147874961,0.9874406319167055,-2.2857853489302236,1577952000.0,2020-01-02 08:00:00,18.500647,-1.4975406
32,1.172757890691585,1.1849287583000465,-1.9970843617162528,1577955600.0,2020-01-02 09:00:00,18.47146,-1.1995128
33,1.4254900810532212,1.3824168846833875,-1.2592929499472154,1577959200.0,2020-01-02 10:00:00,18.767242,-0.90750617
34,1.4254900810532212,1.3824168846833875,-0.7781246379239302,1577962800.0,2020-01-02 11:00:00,18.95934,-0.738895
35,-0.7648555687476218,0.15799050110667295,-0.842280412860368,1577966400.0,2020-01-02 12:00:00,19.207464,-0.65530634
36,-0.5542454101129256,-0.2369857516600091,-0.6177352005828352,1577970000.0,2020-01-02 13:00:00,19.426775,-0.41537824
37,-0.7648555687476218,-0.2369857516600091,-0.7139688629874924,1577973600.0,2020-01-02 14:00:00,19.56643,-0.2613018
38,0.11970709751810318,0.15799050110667295,-0.6498130880510546,1577977200.0,2020-01-02 15:00:00,19.756765,0.15613481
39,-0.7648555687476218,-0.43447387804335014,-0.6498130880510546,1577980800.0,2020-01-02 16:00:00,19.763088,0.40932676
40,-0.5542454101129256,-0.43447387804335014,-0.5856573131146157,1577984400.0,2020-01-02 17:00:00,19.7879,0.74079436
41,0.5409274147874961,0.7899525055333645,-0.6177352005828352,1577988000.0,2020-01-02 18:00:00,19.806887,0.94348556
42,0.11970709751810318,0.15799050110667295,-0.008255338686674479,1577991600.0,2020-01-02 19:00:00,19.846643,1.272745
43,0.11970709751810318,-0.2369857516600091,0.05590043624976445,1577995200.0,2020-01-02 20:00:00,19.907001,1.5461624
44,0.5409274147874961,0.5529667538733547,0.5049908608048301,1577998800.0,2020-01-02 21:00:00,19.861248,1.9364022
45,1.6361002396879176,1.7773931374500695,0.47291297333661064,1578002400.0,2020-01-02 22:00:00,19.820011,2.1312811
46,1.172757890691585,1.3824168846833875,0.5049908608048301,1578006000.0,2020-01-02 23:00:00,19.702711,2.4649935
47,1.4254900810532212,1.3824168846833875,0.6012245232094874,1578009600.0,2020-01-03 00:00:00,19.662035,2.8872056
48,-0.13302509284353276,-0.039497625276668065,-0.6498130880510546,1578013200.0,2020-01-03 01:00:00,19.637682,3.268136
49,-0.9754657273823183,-1.0664358824700415,-0.6818909755192729,1578016800.0,2020-01-03 02:00:00,19.746689,3.5935454
50,-1.396686044651711,-1.4614121352367235,-1.5800718246294054,1578020400.0,2020-01-03 03:00:00,19.837378,3.997002
51,-1.6494182350133468,-1.2639240088533825,-1.5159160496929676,1578024000.0,2020-01-03 04:00:00,19.88355,4.370223
52,-1.6494182350133468,-1.8563883880034053,-1.6763054870340626,1578027600.0,2020-01-03 05:00:00,19.865347,4.7430983
53,0.11970709751810318,0.35547862749001397,-1.6763054870340626,1578031200.0,2020-01-03 06:00:00,19.83086,4.9286776
54,-0.13302509284353276,-0.039497625276668065,-1.7404612619705004,1578034800.0,2020-01-03 07:00:00,19.740702,5.370561
55,-0.34363525147822915,-0.43447387804335014,-1.7083833745022816,1578038400.0,2020-01-03 08:00:00,19.64121,5.783257
56,-0.13302509284353276,0.15799050110667295,-1.7725391494387193,1578042000.0,2020-01-03 09:00:00,19.562029,6.069191
57,-0.7648555687476218,-0.8689477560867006,-1.8687728118433766,1578045600.0,2020-01-03 10:00:00,19.477621,6.326632
58,-0.9754657273823183,-1.2639240088533825,-1.7725391494387193,1578049200.0,2020-01-03 11:00:00,19.30697,6.7093635
59,-1.396686044651711,-1.2639240088533825,-1.9329285867798145,1578052800.0,2020-01-03 12:00:00,19.405521,6.7869987
60,-0.7648555687476218,-1.0664358824700415,-2.0291622491844716,1578056400.0,2020-01-03 13:00:00,19.305624,7.2070923
61,-0.5542454101129256,-0.43447387804335014,-2.189551686525567,1578063600.0,2020-01-03 15:00:00,19.11281,7.7185197
62,-0.34363525147822915,-0.43447387804335014,-2.2537074614620045,1578067200.0,2020-01-03 16:00:00,19.070896,7.8838468
63,-0.34363525147822915,-0.2369857516600091,-2.4140968988030993,1578070800.0,2020-01-03 17:00:00,18.909534,8.158086
64,0.11970709751810318,-0.039497625276668065,-2.4140968988030993,1578074400.0,2020-01-03 18:00:00,18.707043,8.451227
65,-1.396686044651711,-1.4614121352367235,-2.2857853489302236,1578078000.0,2020-01-03 19:00:00,18.589352,8.634758
66,-0.7648555687476218,-1.0664358824700415,-2.189551686525567,1578081600.0,2020-01-03 20:00:00,18.453943,8.867516
67,-0.7648555687476218,-1.2639240088533825,-1.9008506993115954,1578085200.0,2020-01-03 21:00:00,18.265898,9.194718
68,-2.281248710917436,-2.488350392430097,-1.163059287542558,1578088800.0,2020-01-03 22:00:00,18.150742,9.490856
69,-2.0706385522827397,-2.093374139663415,-1.4196823872883104,1578092400.0,2020-01-03 23:00:00,18.08024,9.815506
70,-1.8600283936480433,-1.8563883880034053,-1.7083833745022816,1578096000.0,2020-01-04 00:00:00,17.98105,10.185994
71,-1.8600283936480433,-1.8563883880034053,-1.7725391494387193,1578099600.0,2020-01-04 01:00:00,17.874557,10.570135
72,-1.1860758860170146,-1.0664358824700415,-1.8046170369069383,1578103200.0,2020-01-04 02:00:00,17.754093,11.033623
73,-1.6494182350133468,-1.6589002616200643,-1.7404612619705004,1578106800.0,2020-01-04 03:00:00,17.637058,11.359005
74,-1.1860758860170146,-1.4614121352367235,-1.6763054870340626,1578110400.0,2020-01-04 04:00:00,17.615387,11.745366
75,0.3303172561527996,0.5529667538733547,-1.547993937161186,1578114000.0,2020-01-04 05:00:00,17.553968,12.001159
76,1.172757890691585,1.5799050110667285,-2.0291622491844716,1578117600.0,2020-01-04 06:00:00,17.416706,12.3305235
77,1.6361002396879176,1.9748812638334106,-2.2537074614620045,1578121200.0,2020-01-04 07:00:00,17.259094,12.704791
78,1.846710398322614,2.2118670154934197,-2.4461747862713183,1578124800.0,2020-01-04 08:00:00,17.04839,13.097092
79,1.846710398322614,2.4093551418767607,-2.638642111080633,1578128400.0,2020-01-04 09:00:00,16.938917,13.457112
80,0.9621477320568889,1.5799050110667285,-2.799031548421728,1578132000.0,2020-01-04 10:00:00,16.722448,13.717164
81,0.9621477320568889,1.5799050110667285,-2.9273430982946036,1578135600.0,2020-01-04 11:00:00,16.832098,13.762401
82,0.9621477320568889,1.3824168846833875,-3.0877325356356984,1578139200.0,2020-01-04 12:00:00,16.66226,13.904246
83,0.11970709751810318,1.1849287583000465,-3.3443556353814508,1578142800.0,2020-01-04 13:00:00,16.773533,13.825478
84,0.11970709751810318,1.1849287583000465,-3.3443556353814508,1583326800.0,2020-03-04 13:00:00,9.881312,20.57349
85,0.3303172561527996,-0.039497625276668065,-0.5856573131146157,1584162000.0,2020-03-14 05:00:00,9.900993,20.478977
86,0.11970709751810318,-0.039497625276668065,-0.6498130880510546,1584165600.0,2020-03-14 06:00:00,9.832744,20.577625
87,0.3303172561527996,0.15799050110667295,-0.6177352005828352,1584169200.0,2020-03-14 07:00:00,9.7394085,20.647621
88,0.3303172561527996,-0.039497625276668065,-0.6498130880510546,1584172800.0,2020-03-14 08:00:00,9.474187,20.841637
89,0.3303172561527996,-0.039497625276668065,-0.6818909755192729,1584176400.0,2020-03-14 09:00:00,9.200242,21.03021
90,0.3303172561527996,0.15799050110667295,-0.6818909755192729,1584180000.0,2020-03-14 10:00:00,8.863248,21.252565
91,0.11970709751810318,-0.2369857516600091,-0.7460467504557108,1584183600.0,2020-03-14 11:00:00,8.55076,21.360958
92,-0.34363525147822915,-0.6714596297033596,-0.7781246379239302,1584187200.0,2020-03-14 12:00:00,8.265259,21.498804
93,-0.34363525147822915,-0.43447387804335014,-0.7460467504557108,1584190800.0,2020-03-14 13:00:00,7.9239535,21.61016
94,0.3303172561527996,0.15799050110667295,-0.842280412860368,1584194400.0,2020-03-14 14:00:00,7.681799,21.74149
95,0.11970709751810318,-0.039497625276668065,-1.0347477376696825,1584198000.0,2020-03-14 15:00:00,7.4165244,21.80176
96,-0.13302509284353276,-0.2369857516600091,-1.002669850201463,1584201600.0,2020-03-14 16:00:00,7.1791277,21.89302
97,-0.5542454101129256,-0.6714596297033596,-0.9064361877968058,1584205200.0,2020-03-14 17:00:00,6.981959,21.989517
98,-0.7648555687476218,-1.0664358824700415,-0.8102025253921497,1584208800.0,2020-03-14 18:00:00,6.6279655,21.99982
99,-1.1860758860170146,-1.2639240088533825,-0.8743583003285874,1584212400.0,2020-03-14 19:00:00,6.3472824,22.05632
100,-0.7648555687476218,-1.2639240088533825,-0.6818909755192729,1584216000.0,2020-03-14 20:00:00,6.0427203,22.07026
101,-0.5542454101129256,-0.8689477560867006,-0.7139688629874924,1584219600.0,2020-03-14 21:00:00,5.724751,22.099445
102,-0.34363525147822915,-0.6714596297033596,-0.8102025253921497,1584223200.0,2020-03-14 22:00:00,5.4426103,22.009027
103,-0.34363525147822915,-0.6714596297033596,-0.9064361877968058,1584226800.0,2020-03-14 23:00:00,5.213721,21.968834
104,0.11970709751810318,-0.2369857516600091,-0.9705919627332448,1584230400.0,2020-03-15 00:00:00,4.9702168,21.866695
105,0.11970709751810318,-0.039497625276668065,-1.0989035126061204,1584234000.0,2020-03-15 01:00:00,4.761978,21.77734
106,0.3303172561527996,-0.039497625276668065,-1.0989035126061204,1584237600.0,2020-03-15 02:00:00,4.3819456,21.721224
107,-0.13302509284353276,-0.6714596297033596,-1.002669850201463,1584241200.0,2020-03-15 03:00:00,4.091924,21.636219
108,0.11970709751810318,-0.2369857516600091,-0.6818909755192729,1584244800.0,2020-03-15 04:00:00,3.8568852,21.555716
109,1.172757890691585,0.7899525055333645,-0.3611121008370829,1584248400.0,2020-03-15 05:00:00,3.6119752,21.287756
110,0.7515375734221924,0.5529667538733547,-0.4894236507099596,1584252000.0,2020-03-15 06:00:00,3.4904141,21.069366
111,1.172757890691585,0.9874406319167055,-0.5535794256463974,1584255600.0,2020-03-15 07:00:00,3.2927258,20.64433
112,0.3303172561527996,0.15799050110667295,-0.5535794256463974,1584259200.0,2020-03-15 08:00:00,3.1412616,20.370092
113,-0.34363525147822915,-0.43447387804335014,-0.5856573131146157,1584262800.0,2020-03-15 09:00:00,3.0947871,20.080921
114,-2.281248710917436,-2.093374139663415,-0.5535794256463974,1584266400.0,2020-03-15 10:00:00,3.0216632,19.925404
115,-1.6494182350133468,-1.8563883880034053,-0.4894236507099596,1584270000.0,2020-03-15 11:00:00,3.3050117,19.560556
116,-1.8600283936480433,-2.093374139663415,-0.45734576324174014,1584273600.0,2020-03-15 12:00:00,3.1793118,19.306334
117,-1.1860758860170146,-1.6589002616200643,-0.45734576324174014,1584277200.0,2020-03-15 13:00:00,3.1142735,19.047203
118,-0.7648555687476218,-1.2639240088533825,-0.2969563259006451,1584280800.0,2020-03-15 14:00:00,3.037875,18.764446
119,-0.7648555687476218,-1.2639240088533825,-0.26487843843242564,1584284400.0,2020-03-15 15:00:00,2.9681304,18.50623
120,-0.34363525147822915,-0.6714596297033596,-0.42526787577352065,1584288000.0,2020-03-15 16:00:00,2.8899562,18.151
121,-0.7648555687476218,-1.0664358824700415,-0.4894236507099596,1584291600.0,2020-03-15 17:00:00,2.7113805,17.878763
122,-0.9754657273823183,-1.2639240088533825,-0.42526787577352065,1584295200.0,2020-03-15 18:00:00,2.5596921,17.61302
123,-0.9754657273823183,-1.2639240088533825,-0.23280055096420732,1584298800.0,2020-03-15 19:00:00,2.4876897,17.337492
124,-0.5542454101129256,-0.8689477560867006,-0.1044890010913306,1584302400.0,2020-03-15 20:00:00,2.3755672,17.025358
125,-0.7648555687476218,-1.0664358824700415,0.023822548781544984,1584306000.0,2020-03-15 21:00:00,2.3613153,16.802397
126,-0.9754657273823183,-1.4614121352367235,0.3125235359955156,1584309600.0,2020-03-15 22:00:00,2.4631073,16.442331
127,-1.396686044651711,-1.4614121352367235,0.5049908608048301,1584313200.0,2020-03-15 23:00:00,2.5341704,16.114027
128,-0.34363525147822915,-0.43447387804335014,0.2162898735908595,1584316800.0,2020-03-16 00:00:00,2.7130976,15.805809
129,-0.13302509284353276,-0.43447387804335014,0.4408350858683923,1584320400.0,2020-03-16 01:00:00,2.8723505,15.43667
130,-0.5542454101129256,-0.8689477560867006,-0.1044890010913306,1584324000.0,2020-03-16 02:00:00,3.0724764,15.209578
131,-0.7648555687476218,-1.0664358824700415,-0.4894236507099596,1584327600.0,2020-03-16 03:00:00,3.2860262,15.089649
132,-0.13302509284353276,-0.6714596297033596,-0.39318998830530233,1584331200.0,2020-03-16 04:00:00,3.5385873,14.806569
133,-0.9754657273823183,-1.2639240088533825,-0.5535794256463974,1584334800.0,2020-03-16 05:00:00,3.6935642,15.017578
134,-0.7648555687476218,-1.0664358824700415,-0.5856573131146157,1584338400.0,2020-03-16 06:00:00,3.877734,14.705153
135,-1.1860758860170146,-1.4614121352367235,-0.5535794256463974,1584342000.0,2020-03-16 07:00:00,4.150658,14.898523
136,-0.9754657273823183,-1.0664358824700415,-0.5535794256463974,1584345600.0,2020-03-16 08:00:00,4.3431454,15.117983
137,-0.9754657273823183,-1.2639240088533825,-0.45734576324174014,1584349200.0,2020-03-16 09:00:00,4.613735,15.403963
138,-1.6494182350133468,-1.6589002616200643,-0.45734576324174014,1584352800.0,2020-03-16 10:00:00,4.953213,15.512829
139,-1.396686044651711,-1.6589002616200643,-0.42526787577352065,1584356400.0,2020-03-16 11:00:00,5.1153703,15.554375
140,-1.6494182350133468,-2.093374139663415,-0.4894236507099596,1584360000.0,2020-03-16 12:00:00,5.494664,15.487128
141,-0.34363525147822915,-0.6714596297033596,-0.8102025253921497,1584363600.0,2020-03-16 13:00:00,5.770978,15.379864
142,-0.34363525147822915,-0.6714596297033596,-1.002669850201463,1584367200.0,2020-03-16 14:00:00,5.9237475,15.155391
143,-0.34363525147822915,-0.6714596297033596,-0.8102025253921497,1584370800.0,2020-03-16 15:00:00,6.0365195,14.902064
144,-0.5542454101129256,-0.8689477560867006,-0.6177352005828352,1584374400.0,2020-03-16 16:00:00,6.0724854,14.497513
145,0.11970709751810318,-0.2369857516600091,-0.6498130880510546,1584378000.0,2020-03-16 17:00:00,6.1205745,14.189549
146,0.11970709751810318,-0.039497625276668065,-0.8102025253921497,1584381600.0,2020-03-16 18:00:00,6.1207447,13.889896
147,-0.5542454101129256,-0.8689477560867006,-0.5856573131146157,1584385200.0,2020-03-16 19:00:00,6.110197,13.719493
148,-0.7648555687476218,-1.0664358824700415,-0.39318998830530233,1584388800.0,2020-03-16 20:00:00,6.0276217,13.406744
149,-0.7648555687476218,-1.0664358824700415,-0.008255338686674479,1584392400.0,2020-03-16 21:00:00,5.9150743,13.19685
150,-0.7648555687476218,-1.0664358824700415,-0.0403332261548928,1584396000.0,2020-03-16 22:00:00,5.7784734,12.931423
151,-0.5542454101129256,-0.8689477560867006,-0.1044890010913306,1584399600.0,2020-03-16 23:00:00,5.8021455,12.50492
152,-0.34363525147822915,-0.8689477560867006,-0.20072266349598783,1584403200.0,2020-03-17 00:00:00,5.9349256,12.302553
153,-0.34363525147822915,-0.6714596297033596,-0.23280055096420732,1584406800.0,2020-03-17 01:00:00,6.038286,12.121943
154,-0.34363525147822915,-0.2369857516600091,-0.32903421336886457,1584410400.0,2020-03-17 02:00:00,6.38345,11.86817
155,0.11970709751810318,-0.039497625276668065,-0.32903421336886457,1584414000.0,2020-03-17 03:00:00,6.7717338,11.563358
156,0.3303172561527996,0.15799050110667295,-0.42526787577352065,1584417600.0,2020-03-17 04:00:00,6.8856454,11.752941
157,-0.13302509284353276,-0.2369857516600091,0.889925510423458,1584421200.0,2020-03-17 05:00:00,7.1652207,11.856659
158,-0.13302509284353276,-0.6714596297033596,0.18421198612264003,1584424800.0,2020-03-17 06:00:00,7.371687,11.972438
159,-0.5542454101129256,-0.8689477560867006,-0.0403332261548928,1584428400.0,2020-03-17 07:00:00,7.7063823,12.187648
160,-0.7648555687476218,-0.8689477560867006,-0.1686447760277695,1584432000.0,2020-03-17 08:00:00,7.93157,12.373098
161,-0.34363525147822915,-0.6714596297033596,-0.008255338686674479,1584435600.0,2020-03-17 09:00:00,8.177798,12.671258
162,-0.5542454101129256,-0.8689477560867006,-0.13656688855955004,1584439200.0,2020-03-17 10:00:00,8.34599,12.9065275
163,-0.9754657273823183,-1.0664358824700415,-0.26487843843242564,1584442800.0,2020-03-17 11:00:00,8.503725,13.150348
164,-0.5542454101129256,-0.8689477560867006,-0.1686447760277695,1584446400.0,2020-03-17 12:00:00,8.661389,13.506718
165,-0.9754657273823183,-1.0664358824700415,-0.42526787577352065,1584450000.0,2020-03-17 13:00:00,8.868362,13.84126
166,-0.7648555687476218,-1.2639240088533825,-0.42526787577352065,1584453600.0,2020-03-17 14:00:00,9.014112,14.125203
167,-0.5542454101129256,-1.0664358824700415,-0.45734576324174014,1584457200.0,2020-03-17 15:00:00,9.268219,14.53798
168,-0.5542454101129256,-0.8689477560867006,-0.45734576324174014,1584460800.0,2020-03-17 16:00:00,9.359925,14.725559
169,-0.9754657273823183,-1.0664358824700415,-0.45734576324174014,1584464400.0,2020-03-17 17:00:00,9.53512,14.950014
170,-0.5542454101129256,-0.8689477560867006,-0.4894236507099596,1584468000.0,2020-03-17 18:00:00,9.69905,15.110859
171,-0.34363525147822915,-0.6714596297033596,-0.32903421336886457,1584471600.0,2020-03-17 19:00:00,9.801588,15.237089
172,-0.13302509284353276,-0.43447387804335014,-0.1686447760277695,1584475200.0,2020-03-17 20:00:00,10.101598,15.432213
173,-0.5542454101129256,-0.8689477560867006,-0.13656688855955004,1584478800.0,2020-03-17 21:00:00,10.397816,15.568714
174,-0.7648555687476218,-1.0664358824700415,-0.1044890010913306,1584482400.0,2020-03-17 22:00:00,10.725537,15.57951
175,-0.7648555687476218,-1.0664358824700415,-0.1044890010913306,1584486000.0,2020-03-17 23:00:00,11.03726,15.693592
176,-0.34363525147822915,-0.6714596297033596,-0.13656688855955004,1584489600.0,2020-03-18 00:00:00,11.232371,15.523969
177,-0.34363525147822915,-0.43447387804335014,-0.1686447760277695,1584493200.0,2020-03-18 01:00:00,11.62136,15.658452
178,-0.13302509284353276,-0.43447387804335014,-0.13656688855955004,1584496800.0,2020-03-18 02:00:00,11.85944,15.475667
179,0.3303172561527996,-0.039497625276668065,-0.13656688855955004,1584500400.0,2020-03-18 03:00:00,11.883723,15.135752
180,0.3303172561527996,-0.039497625276668065,-0.1686447760277695,1584504000.0,2020-03-18 04:00:00,12.096376,14.813221
181,-0.13302509284353276,-0.2369857516600091,-0.1686447760277695,1584507600.0,2020-03-18 05:00:00,12.208254,14.597968
182,-0.5542454101129256,-0.8689477560867006,-0.20072266349598783,1584511200.0,2020-03-18 06:00:00,12.423012,14.303768
183,0.11970709751810318,-0.039497625276668065,-0.26487843843242564,1584514800.0,2020-03-18 07:00:00,12.507303,14.078259
184,-0.34363525147822915,-0.6714596297033596,-0.32903421336886457,1584518400.0,2020-03-18 08:00:00,12.553877,13.817219
185,-1.396686044651711,-1.2639240088533825,-0.20072266349598783,1584522000.0,2020-03-18 09:00:00,12.70189,13.630161
186,-0.7648555687476218,-0.6714596297033596,-0.0403332261548928,1584525600.0,2020-03-18 10:00:00,12.669137,13.135294
187,-0.5542454101129256,-0.8689477560867006,-0.20072266349598783,1584529200.0,2020-03-18 11:00:00,12.609128,12.928274
188,-0.7648555687476218,-1.2639240088533825,-0.20072266349598783,1584532800.0,2020-03-18 12:00:00,12.40813,12.664247
189,-0.5542454101129256,-0.8689477560867006,-0.2969563259006451,1584536400.0,2020-03-18 13:00:00,12.51683,12.492931
190,-0.7648555687476218,-1.2639240088533825,-0.23280055096420732,1584540000.0,2020-03-18 14:00:00,12.5766,12.210664
191,-0.34363525147822915,-0.6714596297033596,-0.07241111362311227,1584543600.0,2020-03-18 15:00:00,12.236483,12.047738
192,-0.5542454101129256,-0.8689477560867006,-0.008255338686674479,1584547200.0,2020-03-18 16:00:00,12.0116005,11.985449
193,-0.13302509284353276,-0.43447387804335014,-0.008255338686674479,1584550800.0,2020-03-18 17:00:00,11.7671585,11.933607
194,-0.13302509284353276,-0.2369857516600091,0.023822548781544984,1584554400.0,2020-03-18 18:00:00,11.459321,11.712645
195,0.11970709751810318,-0.039497625276668065,0.08797832371798277,1584558000.0,2020-03-18 19:00:00,11.139804,11.427285
196,-0.34363525147822915,-0.43447387804335014,0.15213409865442057,1584561600.0,2020-03-18 20:00:00,10.977266,11.347842
197,0.11970709751810318,-0.2369857516600091,0.15213409865442057,1584565200.0,2020-03-18 21:00:00,10.753185,11.089205
198,-0.34363525147822915,-0.43447387804335014,0.15213409865442057,1584568800.0,2020-03-18 22:00:00,10.664062,10.865141
199,0.11970709751810318,-0.43447387804335014,0.08797832371798277,1584572400.0,2020-03-18 23:00:00,10.541188,10.685074
200,0.3303172561527996,0.15799050110667295,0.05590043624976445,1584576000.0,2020-03-19 00:00:00,10.600328,10.368673
201,0.3303172561527996,0.35547862749001397,0.023822548781544984,1584579600.0,2020-03-19 01:00:00,10.732083,9.949783
202,0.5409274147874961,0.35547862749001397,-0.0403332261548928,1584583200.0,2020-03-19 02:00:00,10.583545,9.621032
203,0.5409274147874961,0.35547862749001397,-0.1044890010913306,1584586800.0,2020-03-19 03:00:00,10.656426,9.199702
204,0.9621477320568889,0.9874406319167055,-0.0403332261548928,1584590400.0,2020-03-19 04:00:00,10.792891,8.788817
205,0.7515375734221924,0.7899525055333645,-0.1044890010913306,1584594000.0,2020-03-19 05:00:00,10.795461,8.381703
206,0.9621477320568889,0.7899525055333645,-0.13656688855955004,1584597600.0,2020-03-19 06:00:00,10.918915,8.105879
207,0.9621477320568889,0.7899525055333645,-0.13656688855955004,1584601200.0,2020-03-19 07:00:00,10.959723,7.809638
208,0.9621477320568889,0.9874406319167055,-0.1044890010913306,1584604800.0,2020-03-19 08:00:00,11.0277,7.4964757
209,0.9621477320568889,0.7899525055333645,-0.1044890010913306,1584608400.0,2020-03-19 09:00:00,11.133733,7.095081
210,1.172757890691585,1.1849287583000465,-0.07241111362311227,1584612000.0,2020-03-19 10:00:00,11.256497,6.7583227
211,0.9621477320568889,0.7899525055333645,-0.13656688855955004,1584615600.0,2020-03-19 11:00:00,11.36906,6.4666486
212,0.7515375734221924,0.7899525055333645,-0.23280055096420732,1584619200.0,2020-03-19 12:00:00,11.555538,6.337522
213,0.7515375734221924,0.5529667538733547,-0.45734576324174014,1584622800.0,2020-03-19 13:00:00,11.840679,6.0334606
214,0.7515375734221924,0.35547862749001397,-1.6442275995658433,1584626400.0,2020-03-19 14:00:00,12.045828,5.8771462
215,0.5409274147874961,0.35547862749001397,-2.0291622491844716,1584630000.0,2020-03-19 15:00:00,12.3602,5.601347
216,0.3303172561527996,0.15799050110667295,-1.8366949243751578,1584633600.0,2020-03-19 16:00:00,12.55543,5.4632754
217,-0.13302509284353276,-0.2369857516600091,-0.3611121008370829,1584637200.0,2020-03-19 17:00:00,12.771101,5.2063394
218,0.11970709751810318,-0.039497625276668065,0.34460142346373507,1584640800.0,2020-03-19 18:00:00,13.043973,5.151228
219,0.11970709751810318,-0.039497625276668065,0.4408350858683923,1584644400.0,2020-03-19 19:00:00,13.422709,4.992982
220,0.3303172561527996,0.15799050110667295,0.47291297333661064,1584648000.0,2020-03-19 20:00:00,13.561524,4.8367066
221,0.5409274147874961,0.35547862749001397,0.5370687482730496,1584651600.0,2020-03-19 21:00:00,13.924901,4.90898
222,0.7515375734221924,0.7899525055333645,0.5691466357412679,1584655200.0,2020-03-19 22:00:00,14.135593,5.055272
223,0.7515375734221924,0.5529667538733547,0.5691466357412679,1584658800.0,2020-03-19 23:00:00,14.399653,5.1515217
224,0.7515375734221924,0.7899525055333645,0.5049908608048301,1584662400.0,2020-03-20 00:00:00,14.702027,5.3396177
225,0.7515375734221924,0.5529667538733547,0.47291297333661064,1584666000.0,2020-03-20 01:00:00,14.844945,5.6935716
226,0.9621477320568889,0.5529667538733547,0.4408350858683923,1584669600.0,2020-03-20 02:00:00,15.047581,6.013399
227,1.4254900810532212,1.1849287583000465,0.4408350858683923,1584673200.0,2020-03-20 03:00:00,14.956902,6.3908916
228,0.9621477320568889,0.7899525055333645,0.3766793109319545,1584676800.0,2020-03-20 04:00:00,14.958283,6.5848083
229,0.7515375734221924,0.5529667538733547,0.3766793109319545,1584680400.0,2020-03-20 05:00:00,15.04605,6.8939486
230,0.7515375734221924,0.35547862749001397,0.4087571984001728,1584684000.0,2020-03-20 06:00:00,14.902271,7.3342695
231,0.9621477320568889,0.5529667538733547,0.28044564852729725,1584687600.0,2020-03-20 07:00:00,14.897133,7.5843897
232,0.7515375734221924,0.5529667538733547,0.28044564852729725,1584691200.0,2020-03-20 08:00:00,14.683171,7.976166
233,0.5409274147874961,0.35547862749001397,0.6012245232094874,1584694800.0,2020-03-20 09:00:00,14.961538,7.88543
234,0.11970709751810318,-0.2369857516600091,0.5370687482730496,1584698400.0,2020-03-20 10:00:00,14.625227,8.256406
235,-0.7648555687476218,-1.0664358824700415,0.4087571984001728,1584702000.0,2020-03-20 11:00:00,14.3869915,8.523851
236,-0.7648555687476218,-1.0664358824700415,0.3125235359955156,1584705600.0,2020-03-20 12:00:00,14.210282,8.555875
237,-0.7648555687476218,-0.8689477560867006,0.28044564852729725,1584709200.0,2020-03-20 13:00:00,14.157865,8.702683
238,-0.7648555687476218,-1.0664358824700415,0.28044564852729725,1584712800.0,2020-03-20 14:00:00,13.827457,8.68965
239,-0.34363525147822915,-0.2369857516600091,0.2162898735908595,1584723600.0,2020-03-20 17:00:00,13.133806,8.819453
240,-0.34363525147822915,-0.6714596297033596,0.24836776105907782,1584727200.0,2020-03-20 18:00:00,13.01787,8.768593
241,0.11970709751810318,-0.2369857516600091,0.2162898735908595,1584730800.0,2020-03-20 19:00:00,12.727458,8.9481325
242,-0.34363525147822915,-0.6714596297033596,0.3125235359955156,1584734400.0,2020-03-20 20:00:00,12.474045,8.951427
243,-0.34363525147822915,-0.43447387804335014,0.34460142346373507,1584738000.0,2020-03-20 21:00:00,12.270187,8.978231
244,-0.34363525147822915,-0.43447387804335014,0.34460142346373507,1584741600.0,2020-03-20 22:00:00,11.869017,9.0199375
245,-0.5542454101129256,-0.8689477560867006,0.24836776105907782,1584745200.0,2020-03-20 23:00:00,11.667739,9.074792
246,-0.13302509284353276,-0.43447387804335014,0.2162898735908595,1584748800.0,2020-03-21 00:00:00,11.169925,9.00961
247,-0.13302509284353276,-0.6714596297033596,0.18421198612264003,1584752400.0,2020-03-21 01:00:00,10.833258,8.8563795
248,-0.7648555687476218,-1.0664358824700415,0.15213409865442057,1584756000.0,2020-03-21 02:00:00,10.341101,8.848437
249,1.846710398322614,2.4093551418767607,-0.5856573131146157,1584759600.0,2020-03-21 03:00:00,9.840908,8.973571
250,2.0573205569573103,2.2118670154934197,-0.2969563259006451,1584763200.0,2020-03-21 04:00:00,9.575734,9.041721
251,1.172757890691585,1.1849287583000465,-0.5535794256463974,1584766800.0,2020-03-21 05:00:00,9.222778,9.049278
252,0.9621477320568889,0.9874406319167055,-0.6498130880510546,1584770400.0,2020-03-21 06:00:00,8.956511,8.75809
253,0.9621477320568889,0.9874406319167055,-0.5215015381781779,1584774000.0,2020-03-21 07:00:00,8.720194,8.826864
254,1.172757890691585,0.9874406319167055,-0.6177352005828352,1584777600.0,2020-03-21 08:00:00,8.534274,8.628594
255,1.846710398322614,1.7773931374500695,-0.7139688629874924,1584781200.0,2020-03-21 09:00:00,8.198571,8.230134
256,1.172757890691585,1.1849287583000465,-0.6498130880510546,1584784800.0,2020-03-21 10:00:00,8.197413,7.90278
257,1.6361002396879176,1.3824168846833875,-0.6498130880510546,1584788400.0,2020-03-21 11:00:00,8.239549,7.542902
258,1.4254900810532212,1.3824168846833875,-0.6177352005828352,1584792000.0,2020-03-21 12:00:00,8.284342,7.2210803
259,1.4254900810532212,1.1849287583000465,-0.7139688629874924,1584795600.0,2020-03-21 13:00:00,8.320638,6.984459
260,0.9621477320568889,0.7899525055333645,-0.6177352005828352,1584799200.0,2020-03-21 14:00:00,8.450553,6.712658
261,0.9621477320568889,0.9874406319167055,-0.6498130880510546,1584802800.0,2020-03-21 15:00:00,8.254012,6.2941613
262,0.9621477320568889,0.5529667538733547,-0.6498130880510546,1584806400.0,2020-03-21 16:00:00,8.381542,5.9898944
263,0.5409274147874961,0.5529667538733547,-0.4894236507099596,1584810000.0,2020-03-21 17:00:00,8.425304,5.6853375
264,0.7515375734221924,0.7899525055333645,-0.3611121008370829,1584813600.0,2020-03-21 18:00:00,8.467656,5.3211093
265,0.5409274147874961,0.5529667538733547,-0.13656688855955004,1584817200.0,2020-03-21 19:00:00,8.460073,4.99164
266,0.5409274147874961,0.35547862749001397,-0.13656688855955004,1584820800.0,2020-03-21 20:00:00,8.333491,4.5805874
267,0.5409274147874961,0.35547862749001397,-0.0403332261548928,1584824400.0,2020-03-21 21:00:00,8.217313,4.3345737
268,0.3303172561527996,0.15799050110667295,-0.008255338686674479,1584828000.0,2020-03-21 22:00:00,8.030361,4.050261
269,0.5409274147874961,0.35547862749001397,0.08797832371798277,1584831600.0,2020-03-21 23:00:00,7.823841,3.8603387
270,0.5409274147874961,0.35547862749001397,0.12005621118620223,1584835200.0,2020-03-22 00:00:00,7.589856,3.7931178
271,0.11970709751810318,0.15799050110667295,-0.20072266349598783,1584838800.0,2020-03-22 01:00:00,7.334388,3.6552703
272,0.7515375734221924,0.9874406319167055,-0.4894236507099596,1584842400.0,2020-03-22 02:00:00,6.972651,3.6601932
273,0.9621477320568889,0.5529667538733547,-0.4894236507099596,1584846000.0,2020-03-22 03:00:00,6.835887,3.756191
274,1.4254900810532212,1.1849287583000465,-0.5215015381781779,1584849600.0,2020-03-22 04:00:00,6.6016293,3.9129095
275,0.9621477320568889,0.5529667538733547,-0.42526787577352065,1584853200.0,2020-03-22 05:00:00,6.3596435,4.1650734
276,0.9621477320568889,0.5529667538733547,-0.2969563259006451,1584856800.0,2020-03-22 06:00:00,6.1624107,4.3712063
277,0.9621477320568889,0.9874406319167055,-0.2969563259006451,1584860400.0,2020-03-22 07:00:00,6.064922,4.7161407
278,0.5409274147874961,0.15799050110667295,-0.32903421336886457,1584864000.0,2020-03-22 08:00:00,6.1308575,4.956385
279,0.7515375734221924,0.35547862749001397,-0.2969563259006451,1584867600.0,2020-03-22 09:00:00,6.1767225,5.2659016
280,0.5409274147874961,0.35547862749001397,-0.3611121008370829,1584871200.0,2020-03-22 10:00:00,6.259356,5.498907
281,0.7515375734221924,0.35547862749001397,-0.42526787577352065,1584874800.0,2020-03-22 11:00:00,6.023798,5.8460655
282,0.7515375734221924,0.5529667538733547,-0.5215015381781779,1584878400.0,2020-03-22 12:00:00,6.039179,6.118751
283,0.9621477320568889,0.7899525055333645,-0.4894236507099596,1584882000.0,2020-03-22 13:00:00,5.647964,6.389174
284,1.172757890691585,0.9874406319167055,-0.5856573131146157,1584885600.0,2020-03-22 14:00:00,5.717549,6.4912443
285,1.4254900810532212,1.1849287583000465,-0.4894236507099596,1584889200.0,2020-03-22 15:00:00,5.4775944,6.7649183
286,1.6361002396879176,1.3824168846833875,-0.45734576324174014,1584892800.0,2020-03-22 16:00:00,5.2247033,7.009705
287,1.4254900810532212,1.1849287583000465,-0.3611121008370829,1584896400.0,2020-03-22 17:00:00,4.8427587,7.2562213
288,0.9621477320568889,0.5529667538733547,-0.13656688855955004,1584900000.0,2020-03-22 18:00:00,4.5428834,7.245083
289,0.5409274147874961,0.5529667538733547,0.28044564852729725,1584903600.0,2020-03-22 19:00:00,4.2299266,7.269419
290,0.7515375734221924,0.35547862749001397,0.47291297333661064,1584907200.0,2020-03-22 20:00:00,4.014325,7.049815
291,0.7515375734221924,0.5529667538733547,0.47291297333661064,1584910800.0,2020-03-22 21:00:00,4.0432124,6.8935294
292,0.7515375734221924,0.5529667538733547,0.47291297333661064,1584914400.0,2020-03-22 22:00:00,3.7419155,6.574215
293,0.7515375734221924,0.35547862749001397,0.4408350858683923,1584918000.0,2020-03-22 23:00:00,3.7467673,6.396042
294,0.7515375734221924,0.35547862749001397,0.4087571984001728,1584921600.0,2020-03-23 00:00:00,3.5066123,5.9136167
295,-0.13302509284353276,-0.2369857516600091,0.4087571984001728,1584925200.0,2020-03-23 01:00:00,3.4318426,5.575233
296,0.11970709751810318,-0.2369857516600091,0.4087571984001728,1584928800.0,2020-03-23 02:00:00,3.340443,5.247783
297,0.11970709751810318,-0.2369857516600091,0.4087571984001728,1584932400.0,2020-03-23 03:00:00,3.3593564,4.7747364
298,-0.13302509284353276,-0.43447387804335014,1.0823928352327725,1584936000.0,2020-03-23 04:00:00,3.4413183,4.4643493
299,-0.34363525147822915,-0.43447387804335014,1.0823928352327725,1584939600.0,2020-03-23 05:00:00,3.6011996,4.254946
300,-0.34363525147822915,-0.43447387804335014,0.6012245232094874,1584943200.0,2020-03-23 06:00:00,3.821368,3.923316
301,-0.5542454101129256,-0.6714596297033596,0.6012245232094874,1584946800.0,2020-03-23 07:00:00,4.0535054,3.581898
302,-0.34363525147822915,-0.43447387804335014,0.6012245232094874,1584950400.0,2020-03-23 08:00:00,4.174791,3.3685555
303,-1.1860758860170146,-0.8689477560867006,0.47291297333661064,1584954000.0,2020-03-23 09:00:00,4.353092,3.0811195
304,-1.6494182350133468,-1.2639240088533825,0.4408350858683923,1584957600.0,2020-03-23 10:00:00,4.5089993,2.7979903
305,-1.6494182350133468,-1.2639240088533825,0.4087571984001728,1584961200.0,2020-03-23 11:00:00,4.712439,2.4895036
306,-1.6494182350133468,-1.0664358824700415,0.4087571984001728,1584964800.0,2020-03-23 12:00:00,4.879537,2.2657013
307,-1.6494182350133468,-1.4614121352367235,0.4408350858683923,1584968400.0,2020-03-23 13:00:00,4.875155,2.2622163
308,-1.1860758860170146,-1.0664358824700415,0.6653802981459251,1584972000.0,2020-03-23 14:00:00,5.3319197,1.8381053
309,-1.8600283936480433,-1.6589002616200643,0.8578476229552396,1584975600.0,2020-03-23 15:00:00,5.259948,1.7454637
310,-1.8600283936480433,-1.4614121352367235,1.0823928352327725,1584979200.0,2020-03-23 16:00:00,5.430868,1.5034423
311,-1.396686044651711,-1.2639240088533825,0.9861591728281153,1584982800.0,2020-03-23 17:00:00,5.7211375,1.0926846
312,-1.6494182350133468,-1.4614121352367235,1.1786264976374297,1584986400.0,2020-03-23 18:00:00,5.8380313,0.83305204
313,-1.6494182350133468,-1.4614121352367235,1.114470722700991,1584990000.0,2020-03-23 19:00:00,6.050396,0.40662697
314,-1.8600283936480433,-1.2639240088533825,1.3069380475103054,1584993600.0,2020-03-23 20:00:00,6.045253,0.3012767
315,-1.396686044651711,-1.0664358824700415,0.9861591728281153,1584997200.0,2020-03-23 21:00:00,6.3041863,-0.13538875
316,-1.396686044651711,-1.2639240088533825,1.114470722700991,1585000800.0,2020-03-23 22:00:00,6.4784856,-0.36954832
317,-1.8600283936480433,-1.6589002616200643,0.9861591728281153,1585004400.0,2020-03-23 23:00:00,6.6572948,-0.56418914
318,-1.1860758860170146,-1.2639240088533825,0.7936918480188008,1585008000.0,2020-03-24 00:00:00,6.987912,-0.8850747
319,-1.6494182350133468,-1.2639240088533825,0.6974581856141446,1585011600.0,2020-03-24 01:00:00,7.2665596,-1.1046462
320,-0.34363525147822915,-0.43447387804335014,0.6653802981459251,1585015200.0,2020-03-24 02:00:00,7.5786276,-1.3698856
321,-0.13302509284353276,-0.2369857516600091,0.6974581856141446,1585018800.0,2020-03-24 03:00:00,7.8424397,-1.326583
322,-0.13302509284353276,-0.2369857516600091,1.2427822725738675,1585022400.0,2020-03-24 04:00:00,8.240876,-1.4541472
323,0.11970709751810318,0.15799050110667295,1.274860160042086,1585026000.0,2020-03-24 05:00:00,8.51341,-1.264412
324,-0.34363525147822915,0.35547862749001397,0.6653802981459251,1585029600.0,2020-03-24 06:00:00,8.685307,-1.2470039
325,-1.1860758860170146,-0.6714596297033596,0.5691466357412679,1585033200.0,2020-03-24 07:00:00,8.780312,-1.0624428
326,-1.1860758860170146,-0.43447387804335014,0.5370687482730496,1585036800.0,2020-03-24 08:00:00,8.8207445,-0.8916657
327,-0.5542454101129256,-0.2369857516600091,0.5370687482730496,1585040400.0,2020-03-24 09:00:00,9.062364,-0.43161035
328,-0.7648555687476218,-0.6714596297033596,0.5049908608048301,1585044000.0,2020-03-24 10:00:00,8.983665,-0.17020066
329,-0.5542454101129256,-0.2369857516600091,0.47291297333661064,1585047600.0,2020-03-24 11:00:00,8.898292,0.058019403
330,-0.9754657273823183,-0.43447387804335014,0.47291297333661064,1585051200.0,2020-03-24 12:00:00,8.925367,0.40121704
331,-0.9754657273823183,-0.2369857516600091,0.5370687482730496,1585054800.0,2020-03-24 13:00:00,8.899537,0.69258475
332,-1.396686044651711,-0.8689477560867006,0.7936918480188008,1585058400.0,2020-03-24 14:00:00,9.081632,0.87737256
333,-0.9754657273823183,-0.6714596297033596,0.889925510423458,1585062000.0,2020-03-24 15:00:00,9.361788,1.1434397
334,-0.5542454101129256,-0.2369857516600091,0.8578476229552396,1585065600.0,2020-03-24 16:00:00,9.539997,1.2299659
335,-0.34363525147822915,-0.039497625276668065,0.8578476229552396,1585069200.0,2020-03-24 17:00:00,9.764211,1.136715
336,-0.13302509284353276,0.15799050110667295,0.8578476229552396,1585072800.0,2020-03-24 18:00:00,10.060555,1.3364745
337,-0.13302509284353276,0.15799050110667295,0.8257697354870202,1585076400.0,2020-03-24 19:00:00,10.39921,1.1803802
338,-0.13302509284353276,0.15799050110667295,0.889925510423458,1585080000.0,2020-03-24 20:00:00,10.673659,1.4812002
339,-0.13302509284353276,0.7899525055333645,0.9861591728281153,1585083600.0,2020-03-24 21:00:00,11.002274,1.6878276
340,-1.1860758860170146,-0.43447387804335014,1.0182370602963347,1585087200.0,2020-03-24 22:00:00,11.31213,1.9244207
341,-0.7648555687476218,-0.43447387804335014,0.9861591728281153,1585090800.0,2020-03-24 23:00:00,11.622724,2.0498044
342,-0.5542454101129256,-0.2369857516600091,0.8257697354870202,1585094400.0,2020-03-25 00:00:00,11.784989,1.9747648
343,-0.34363525147822915,-0.2369857516600091,0.6974581856141446,1585098000.0,2020-03-25 01:00:00,12.026434,1.9280225
344,-0.9754657273823183,-0.2369857516600091,0.6333024106777057,1585101600.0,2020-03-25 02:00:00,12.373327,1.573584
345,-1.1860758860170146,-0.6714596297033596,0.6012245232094874,1585105200.0,2020-03-25 03:00:00,12.508901,1.3349665
346,-0.9754657273823183,-0.039497625276668065,0.6653802981459251,1585108800.0,2020-03-25 04:00:00,12.644716,1.0354238
347,-0.9754657273823183,-0.2369857516600091,0.6653802981459251,1585112400.0,2020-03-25 05:00:00,12.648887,0.70409745
348,0.3303172561527996,1.1849287583000465,0.6653802981459251,1585116000.0,2020-03-25 06:00:00,12.435432,0.3281906
349,0.3303172561527996,0.9874406319167055,0.6333024106777057,1585119600.0,2020-03-25 07:00:00,12.394012,0.2090928
350,1.172757890691585,1.1849287583000465,0.5370687482730496,1585123200.0,2020-03-25 08:00:00,12.219831,-0.13674311
351,0.9621477320568889,0.7899525055333645,0.5691466357412679,1585126800.0,2020-03-25 09:00:00,12.164788,-0.32273743
352,0.7515375734221924,0.7899525055333645,0.5370687482730496,1585130400.0,2020-03-25 10:00:00,11.953737,-0.6218353
353,-0.13302509284353276,-0.2369857516600091,0.5049908608048301,1585134000.0,2020-03-25 11:00:00,11.820577,-0.973929
354,-0.34363525147822915,-0.6714596297033596,0.5049908608048301,1585137600.0,2020-03-25 12:00:00,11.750863,-1.2126079
355,-1.8600283936480433,-1.8563883880034053,0.5691466357412679,1585141200.0,2020-03-25 13:00:00,11.727796,-1.5249944
356,-0.7648555687476218,-0.8689477560867006,0.6333024106777057,1585144800.0,2020-03-25 14:00:00,11.788778,-1.8115922
357,-0.9754657273823183,-1.2639240088533825,0.6333024106777057,1585148400.0,2020-03-25 15:00:00,11.888051,-2.1794808
358,-0.9754657273823183,-1.0664358824700415,0.7295360730823629,1585152000.0,2020-03-25 16:00:00,11.953246,-2.504138
359,-1.6494182350133468,-1.0664358824700415,1.2427822725738675,1585155600.0,2020-03-25 17:00:00,12.079862,-2.7358909
360,-1.1860758860170146,-1.2639240088533825,0.9861591728281153,1585159200.0,2020-03-25 18:00:00,12.130944,-3.2257483
361,-1.6494182350133468,-1.4614121352367235,1.3390159349785247,1585162800.0,2020-03-25 19:00:00,11.983155,-3.4136174
362,-1.6494182350133468,-1.6589002616200643,1.4673274848514004,1585166400.0,2020-03-25 20:00:00,11.729982,-3.7407672
363,-1.6494182350133468,-1.4614121352367235,1.49940537231962,1585170000.0,2020-03-25 21:00:00,11.556743,-3.9652872
364,-1.6494182350133468,-1.4614121352367235,1.371093822446743,1585173600.0,2020-03-25 22:00:00,11.289377,-4.273145
365,-1.6494182350133468,-1.4614121352367235,1.49940537231962,1585177200.0,2020-03-25 23:00:00,11.367997,-4.1852207
366,-1.396686044651711,-1.2639240088533825,1.050314947764553,1585180800.0,2020-03-26 00:00:00,11.06377,-4.4731293
367,-1.396686044651711,-1.0664358824700415,0.6974581856141446,1585184400.0,2020-03-26 01:00:00,10.869416,-4.77071
368,-1.396686044651711,-0.8689477560867006,0.6653802981459251,1585188000.0,2020-03-26 02:00:00,10.693383,-5.068356
369,-1.1860758860170146,-1.0664358824700415,0.6012245232094874,1585191600.0,2020-03-26 03:00:00,10.615843,-5.3696322
370,-1.396686044651711,-1.0664358824700415,0.5370687482730496,1585195200.0,2020-03-26 04:00:00,10.673932,-5.7580075
371,-1.396686044651711,-1.0664358824700415,0.5370687482730496,1585198800.0,2020-03-26 05:00:00,10.675184,-6.0115232
372,-1.396686044651711,-1.2639240088533825,0.5691466357412679,1585202400.0,2020-03-26 06:00:00,10.627334,-6.2782145
373,-1.396686044651711,-1.0664358824700415,0.6333024106777057,1585206000.0,2020-03-26 07:00:00,10.448211,-6.606413
374,-1.6494182350133468,-1.2639240088533825,0.6974581856141446,1585209600.0,2020-03-26 08:00:00,10.356286,-6.7680526
375,-1.6494182350133468,-1.4614121352367235,0.7295360730823629,1585213200.0,2020-03-26 09:00:00,10.199061,-7.009478
376,-1.396686044651711,-1.2639240088533825,0.7295360730823629,1585216800.0,2020-03-26 10:00:00,9.87453,-7.350601
377,-1.8600283936480433,-1.6589002616200643,0.6653802981459251,1585220400.0,2020-03-26 11:00:00,9.768495,-7.4879875
378,-1.8600283936480433,-1.8563883880034053,0.6012245232094874,1585224000.0,2020-03-26 12:00:00,9.552413,-7.6662345
379,-1.6494182350133468,-1.6589002616200643,0.7295360730823629,1585227600.0,2020-03-26 13:00:00,9.269717,-7.5421944
380,-1.396686044651711,-1.0664358824700415,0.7936918480188008,1585231200.0,2020-03-26 14:00:00,9.045268,-7.3613825
381,-0.5542454101129256,-0.6714596297033596,0.7936918480188008,1585234800.0,2020-03-26 15:00:00,8.878713,-7.208562
382,-0.13302509284353276,-0.43447387804335014,0.6333024106777057,1585238400.0,2020-03-26 16:00:00,8.404938,-7.040417
383,0.11970709751810318,-0.039497625276668065,0.6653802981459251,1585242000.0,2020-03-26 17:00:00,8.289004,-7.0156674
384,0.11970709751810318,-0.2369857516600091,0.7295360730823629,1585245600.0,2020-03-26 18:00:00,7.9179664,-6.9265785
385,0.11970709751810318,-0.2369857516600091,1.114470722700991,1585249200.0,2020-03-26 19:00:00,7.570062,-6.8330555
386,0.3303172561527996,-0.039497625276668065,0.9540812853598958,1585252800.0,2020-03-26 20:00:00,7.3317156,-6.779559
387,0.5409274147874961,0.35547862749001397,1.595639034724276,1585256400.0,2020-03-26 21:00:00,7.0025177,-6.732163
388,0.3303172561527996,0.15799050110667295,1.4031717099149625,1585260000.0,2020-03-26 22:00:00,6.688799,-6.72598
389,-0.9754657273823183,-0.039497625276668065,1.114470722700991,1585263600.0,2020-03-26 23:00:00,6.4142885,-6.9040866
390,-0.5542454101129256,0.15799050110667295,1.114470722700991,1585267200.0,2020-03-27 00:00:00,6.0658665,-7.188255
391,-0.34363525147822915,0.7899525055333645,1.0823928352327725,1585270800.0,2020-03-27 01:00:00,5.8910756,-7.3943605
392,0.5409274147874961,0.9874406319167055,1.2427822725738675,1585274400.0,2020-03-27 02:00:00,5.6270823,-7.781104
393,0.11970709751810318,0.7899525055333645,1.0823928352327725,1585278000.0,2020-03-27 03:00:00,5.4688587,-8.062138
394,0.7515375734221924,0.9874406319167055,1.756028472065371,1585281600.0,2020-03-27 04:00:00,5.359714,-8.367061
395,0.7515375734221924,0.9874406319167055,1.7881063595335904,1585285200.0,2020-03-27 05:00:00,5.2097735,-8.781618
396,0.7515375734221924,1.1849287583000465,1.659794809660715,1585288800.0,2020-03-27 06:00:00,5.038303,-9.1853285
397,0.7515375734221924,1.1849287583000465,1.4673274848514004,1585292400.0,2020-03-27 07:00:00,4.9041133,-9.660287
398,0.9621477320568889,1.3824168846833875,1.2427822725738675,1585296000.0,2020-03-27 08:00:00,4.758391,-10.0572605
399,0.5409274147874961,0.9874406319167055,1.050314947764553,1585299600.0,2020-03-27 09:00:00,4.640497,-10.442703
400,0.3303172561527996,1.1849287583000465,0.8578476229552396,1585303200.0,2020-03-27 10:00:00,4.652332,-10.822846
401,0.7515375734221924,1.3824168846833875,0.8578476229552396,1585306800.0,2020-03-27 11:00:00,4.6244307,-11.014277
402,-0.13302509284353276,0.9874406319167055,0.8257697354870202,1585310400.0,2020-03-27 12:00:00,4.587168,-11.320724
403,0.7515375734221924,0.9874406319167055,0.9220033978916774,1585314000.0,2020-03-27 13:00:00,4.6287,-11.688046
404,0.11970709751810318,0.9874406319167055,0.9861591728281153,1585317600.0,2020-03-27 14:00:00,4.702489,-12.102542
405,-0.34363525147822915,0.7899525055333645,1.0182370602963347,1585321200.0,2020-03-27 15:00:00,4.9410853,-12.363512
406,-0.5542454101129256,0.15799050110667295,1.1465486101692102,1585324800.0,2020-03-27 16:00:00,5.153856,-12.610118
407,-0.7648555687476218,0.15799050110667295,1.1786264976374297,1585328400.0,2020-03-27 17:00:00,5.3148823,-12.735632
408,-0.34363525147822915,-0.039497625276668065,1.1465486101692102,1585332000.0,2020-03-27 18:00:00,5.6058974,-12.899426
409,-0.7648555687476218,-0.43447387804335014,1.210704385105648,1585335600.0,2020-03-27 19:00:00,5.915003,-12.982222
410,-0.34363525147822915,-0.2369857516600091,1.210704385105648,1585339200.0,2020-03-27 20:00:00,6.3544507,-13.069609
411,-0.13302509284353276,-0.039497625276668065,1.595639034724276,1585342800.0,2020-03-27 21:00:00,6.7241297,-13.107045
412,0.11970709751810318,-0.039497625276668065,1.371093822446743,1585346400.0,2020-03-27 22:00:00,7.0634503,-13.113186
413,0.5409274147874961,0.35547862749001397,1.1786264976374297,1585350000.0,2020-03-27 23:00:00,7.422592,-13.126697
414,0.3303172561527996,-0.039497625276668065,1.114470722700991,1585353600.0,2020-03-28 00:00:00,7.7187834,-13.209368
415,0.5409274147874961,0.35547862749001397,0.9861591728281153,1585357200.0,2020-03-28 01:00:00,7.891092,-13.041756
416,1.172757890691585,0.9874406319167055,1.0182370602963347,1585360800.0,2020-03-28 02:00:00,8.290239,-12.948183
417,1.4254900810532212,1.3824168846833875,1.0182370602963347,1585364400.0,2020-03-28 03:00:00,8.490375,-12.742591
418,1.6361002396879176,1.7773931374500695,1.0182370602963347,1585368000.0,2020-03-28 04:00:00,8.652295,-12.580212
419,1.846710398322614,1.5799050110667285,1.0823928352327725,1585371600.0,2020-03-28 05:00:00,8.829185,-12.3311
420,1.4254900810532212,1.3824168846833875,1.82018424700181,1585375200.0,2020-03-28 06:00:00,8.842195,-12.008295
421,0.7515375734221924,0.9874406319167055,1.7239505845971526,1585378800.0,2020-03-28 07:00:00,8.762233,-11.70393
422,1.4254900810532212,1.7773931374500695,2.0126515718111233,1585382400.0,2020-03-28 08:00:00,8.603137,-11.304452
423,1.4254900810532212,1.5799050110667285,1.9484957968746854,1585386000.0,2020-03-28 09:00:00,8.325621,-10.942707
424,0.9621477320568889,1.3824168846833875,1.210704385105648,1585389600.0,2020-03-28 10:00:00,8.138114,-10.678693
425,0.7515375734221924,0.9874406319167055,1.3069380475103054,1585393200.0,2020-03-28 11:00:00,7.882769,-10.399896
426,0.3303172561527996,0.15799050110667295,1.050314947764553,1585396800.0,2020-03-28 12:00:00,7.651905,-10.399981
427,-1.396686044651711,-0.6714596297033596,0.9540812853598958,1585400400.0,2020-03-28 13:00:00,7.291741,-10.21421
428,-0.7648555687476218,-0.2369857516600091,1.1786264976374297,1585404000.0,2020-03-28 14:00:00,7.0342517,-10.136168
429,0.11970709751810318,0.35547862749001397,1.274860160042086,1585407600.0,2020-03-28 15:00:00,6.7390156,-10.032438
430,-0.34363525147822915,-0.2369857516600091,1.3069380475103054,1585411200.0,2020-03-28 16:00:00,6.408443,-9.9372425
431,-0.13302509284353276,-0.2369857516600091,1.7239505845971526,1585414800.0,2020-03-28 17:00:00,6.138388,-9.811217
432,0.11970709751810318,0.15799050110667295,1.114470722700991,1585418400.0,2020-03-28 18:00:00,5.814904,-9.702135
433,0.3303172561527996,0.35547862749001397,1.531483259787838,1585422000.0,2020-03-28 19:00:00,5.504747,-9.599358
434,0.7515375734221924,0.7899525055333645,1.916417909406466,1585425600.0,2020-03-28 20:00:00,5.106371,-9.379478
435,-1.1860758860170146,-0.8689477560867006,1.4673274848514004,1585429200.0,2020-03-28 21:00:00,4.6044273,-9.209254
436,-0.5542454101129256,-0.039497625276668065,1.3069380475103054,1585432800.0,2020-03-28 22:00:00,4.295716,-9.08927
437,-0.9754657273823183,-0.039497625276668065,1.3069380475103054,1585436400.0,2020-03-28 23:00:00,4.0243697,-8.934651
438,-1.1860758860170146,-0.2369857516600091,1.1786264976374297,1585440000.0,2020-03-29 00:00:00,3.7302425,-8.834532
439,-0.7648555687476218,-0.43447387804335014,1.0823928352327725,1585443600.0,2020-03-29 01:00:00,3.4145296,-8.843715
440,-0.9754657273823183,-0.2369857516600091,1.0823928352327725,1585447200.0,2020-03-29 02:00:00,3.3311312,-8.770831
441,-0.5542454101129256,-0.039497625276668065,1.050314947764553,1585450800.0,2020-03-29 03:00:00,2.9210029,-8.799013
442,-0.34363525147822915,0.35547862749001397,1.0182370602963347,1585454400.0,2020-03-29 04:00:00,2.650522,-8.603495
443,-1.396686044651711,-0.6714596297033596,1.0182370602963347,1585458000.0,2020-03-29 05:00:00,2.4571204,-8.3645
444,-0.9754657273823183,-0.6714596297033596,0.9861591728281153,1585461600.0,2020-03-29 06:00:00,2.5903726,-8.227656
445,-0.9754657273823183,-1.0664358824700415,0.9220033978916774,1585465200.0,2020-03-29 07:00:00,2.4853616,-7.8415046
446,-1.396686044651711,-1.0664358824700415,0.889925510423458,1585468800.0,2020-03-29 08:00:00,2.664749,-7.6095905
447,-1.396686044651711,-1.2639240088533825,0.47291297333661064,1585472400.0,2020-03-29 09:00:00,2.5493438,-7.2252803
448,-0.13302509284353276,0.15799050110667295,0.28044564852729725,1585476000.0,2020-03-29 10:00:00,2.5599735,-6.8877993
449,0.5409274147874961,0.7899525055333645,0.47291297333661064,1585479600.0,2020-03-29 11:00:00,2.5436432,-6.6421647
450,1.4254900810532212,1.1849287583000465,0.34460142346373507,1585483200.0,2020-03-29 12:00:00,2.4849002,-6.1836
451,1.4254900810532212,1.3824168846833875,0.34460142346373507,1585486800.0,2020-03-29 13:00:00,2.2732277,-6.0400357
452,1.6361002396879176,1.5799050110667285,0.3766793109319545,1585490400.0,2020-03-29 14:00:00,2.1864939,-5.854804
453,1.846710398322614,1.7773931374500695,0.5049908608048301,1585494000.0,2020-03-29 15:00:00,1.9563376,-5.6545177
454,1.172757890691585,1.1849287583000465,0.6974581856141446,1585497600.0,2020-03-29 16:00:00,1.6726295,-5.532664
455,1.6361002396879176,1.5799050110667285,0.7936918480188008,1585501200.0,2020-03-29 17:00:00,1.4601313,-5.5136156
456,0.7515375734221924,0.7899525055333645,0.889925510423458,1585504800.0,2020-03-29 18:00:00,1.2009432,-5.563956
457,0.5409274147874961,0.35547862749001397,1.0823928352327725,1585508400.0,2020-03-29 19:00:00,0.9758729,-5.765106
458,0.3303172561527996,-0.039497625276668065,1.1465486101692102,1585512000.0,2020-03-29 20:00:00,0.67804056,-6.01779
459,0.11970709751810318,-0.039497625276668065,1.2427822725738675,1585515600.0,2020-03-29 21:00:00,0.3810696,-6.328347
460,0.3303172561527996,-0.039497625276668065,1.210704385105648,1585519200.0,2020-03-29 22:00:00,0.19124202,-6.565355
461,0.5409274147874961,0.15799050110667295,1.1465486101692102,1585522800.0,2020-03-29 23:00:00,-0.04296791,-6.7756057
462,0.5409274147874961,0.35547862749001397,1.114470722700991,1585526400.0,2020-03-30 00:00:00,-0.27184665,-7.008394
463,0.7515375734221924,0.5529667538733547,0.9861591728281153,1585530000.0,2020-03-30 01:00:00,-0.48164365,-6.829746
464,0.9621477320568889,0.7899525055333645,0.9220033978916774,1585533600.0,2020-03-30 02:00:00,-0.7170945,-6.964649
465,0.7515375734221924,0.5529667538733547,0.7936918480188008,1585537200.0,2020-03-30 03:00:00,-1.0795543,-6.7915287
466,0.5409274147874961,0.35547862749001397,0.6974581856141446,1585540800.0,2020-03-30 04:00:00,-1.2123554,-6.6243625
467,1.172757890691585,0.9874406319167055,0.7936918480188008,1585544400.0,2020-03-30 05:00:00,-1.5756953,-6.6137075
468,1.172757890691585,0.9874406319167055,0.6653802981459251,1585548000.0,2020-03-30 06:00:00,-1.8997074,-6.5981197
469,0.7515375734221924,0.5529667538733547,0.5049908608048301,1585551600.0,2020-03-30 07:00:00,-2.1109931,-6.773973
470,0.9621477320568889,0.7899525055333645,0.4087571984001728,1585555200.0,2020-03-30 08:00:00,-2.355712,-6.933853
471,0.7515375734221924,0.5529667538733547,0.24836776105907782,1585558800.0,2020-03-30 09:00:00,-2.5252814,-7.152472
472,1.172757890691585,1.1849287583000465,0.28044564852729725,1585562400.0,2020-03-30 10:00:00,-2.7596028,-7.413747
473,1.172757890691585,0.9874406319167055,0.3125235359955156,1585566000.0,2020-03-30 11:00:00,-2.9681597,-7.736434
474,1.172757890691585,0.9874406319167055,0.34460142346373507,1585569600.0,2020-03-30 12:00:00,-2.9978383,-7.9602523
475,1.172757890691585,0.7899525055333645,0.24836776105907782,1585573200.0,2020-03-30 13:00:00,-3.1006124,-8.2965355
476,1.4254900810532212,1.3824168846833875,0.28044564852729725,1585576800.0,2020-03-30 14:00:00,-3.1812203,-8.604195
477,0.7515375734221924,0.5529667538733547,0.2162898735908595,1585580400.0,2020-03-30 15:00:00,-3.316512,-8.957938
478,0.5409274147874961,0.35547862749001397,0.34460142346373507,1585584000.0,2020-03-30 16:00:00,-3.3860173,-9.177557
479,0.3303172561527996,0.15799050110667295,0.4408350858683923,1585587600.0,2020-03-30 17:00:00,-3.4450831,-9.34801
480,0.11970709751810318,-0.039497625276668065,0.5049908608048301,1585591200.0,2020-03-30 18:00:00,-3.7552998,-9.629781
481,0.11970709751810318,-0.2369857516600091,0.6974581856141446,1585594800.0,2020-03-30 19:00:00,-4.0338974,-9.66987
482,0.9621477320568889,0.7899525055333645,1.0823928352327725,1585598400.0,2020-03-30 20:00:00,-4.340841,-9.794641
483,1.172757890691585,0.9874406319167055,1.1465486101692102,1585602000.0,2020-03-30 21:00:00,-4.7111635,-9.704539
484,1.172757890691585,0.9874406319167055,1.1786264976374297,1585605600.0,2020-03-30 22:00:00,-4.9919877,-9.609385
485,1.4254900810532212,1.3824168846833875,1.1786264976374297,1585609200.0,2020-03-30 23:00:00,-5.2524333,-9.348909
486,1.172757890691585,1.1849287583000465,1.1786264976374297,1585612800.0,2020-03-31 00:00:00,-5.483584,-9.099652
487,1.4254900810532212,1.3824168846833875,1.114470722700991,1585616400.0,2020-03-31 01:00:00,-5.703562,-8.831838
488,1.4254900810532212,1.1849287583000465,1.114470722700991,1585620000.0,2020-03-31 02:00:00,-5.722246,-8.50796
489,1.172757890691585,1.3824168846833875,2.0126515718111233,1585623600.0,2020-03-31 03:00:00,-5.8112135,-8.197008
490,0.9621477320568889,1.3824168846833875,1.274860160042086,1585627200.0,2020-03-31 04:00:00,-5.6165824,-7.9931655
491,-0.5542454101129256,0.35547862749001397,1.0823928352327725,1585630800.0,2020-03-31 05:00:00,-5.653807,-7.716764
492,-0.5542454101129256,0.15799050110667295,1.0182370602963347,1585634400.0,2020-03-31 06:00:00,-5.6121492,-7.579259
493,-0.7648555687476218,0.15799050110667295,1.050314947764553,1585638000.0,2020-03-31 07:00:00,-5.640925,-7.19666
494,-0.7648555687476218,-0.039497625276668065,0.9861591728281153,1585641600.0,2020-03-31 08:00:00,-5.6947317,-6.988339
495,-0.34363525147822915,0.35547862749001397,0.9540812853598958,1585645200.0,2020-03-31 09:00:00,-5.833886,-6.524956
496,-0.9754657273823183,-0.039497625276668065,1.0182370602963347,1585648800.0,2020-03-31 10:00:00,-5.9136376,-6.1617746
497,-0.34363525147822915,0.9874406319167055,1.050314947764553,1585652400.0,2020-03-31 11:00:00,-5.9925795,-5.872972
498,1.846710398322614,2.6068432682601017,1.050314947764553,1585656000.0,2020-03-31 12:00:00,-6.065803,-5.7083073
499,2.2679307155920068,2.8043313946434427,0.9861591728281153,1585659600.0,2020-03-31 13:00:00,-6.1430483,-5.2407146
500,2.2679307155920068,2.6068432682601017,0.889925510423458,1585663200.0,2020-03-31 14:00:00,-6.1957994,-5.1158876
501,1.846710398322614,2.2118670154934197,0.889925510423458,1585666800.0,2020-03-31 15:00:00,-6.2907805,-4.8803186
502,0.11970709751810318,0.9874406319167055,1.1465486101692102,1585670400.0,2020-03-31 16:00:00,-6.456163,-4.635086
503,0.7515375734221924,1.1849287583000465,1.0823928352327725,1585674000.0,2020-03-31 17:00:00,-6.6226606,-4.407603
504,0.5409274147874961,0.7899525055333645,0.9220033978916774,1585677600.0,2020-03-31 18:00:00,-6.853511,-4.1168337
505,-0.7648555687476218,-0.6714596297033596,0.7295360730823629,1585681200.0,2020-03-31 19:00:00,-6.999312,-3.9682395
506,-0.5542454101129256,-0.2369857516600091,0.47291297333661064,1585684800.0,2020-03-31 20:00:00,-7.3299346,-3.6469998
507,-0.5542454101129256,-0.039497625276668065,0.24836776105907782,1585688400.0,2020-03-31 21:00:00,-7.493607,-3.4856727
508,-0.9754657273823183,-0.6714596297033596,0.12005621118620223,1585692000.0,2020-03-31 22:00:00,-7.8529153,-3.1263409
509,-0.5542454101129256,-0.2369857516600091,-0.1044890010913306,1585695600.0,2020-03-31 23:00:00,-8.105841,-2.8759806
510,-0.9754657273823183,-0.8689477560867006,-0.4894236507099596,1585699200.0,2020-04-01 00:00:00,-8.324335,-2.627559
511,-0.7648555687476218,-0.6714596297033596,-0.8102025253921497,1585702800.0,2020-04-01 01:00:00,-8.60477,-2.428648
512,-0.5542454101129256,0.5529667538733547,-0.9385140752650253,1585706400.0,2020-04-01 02:00:00,-8.796123,-2.186012
513,0.5409274147874961,1.5799050110667285,-1.066825625137901,1585710000.0,2020-04-01 03:00:00,-9.06997,-1.9656754
514,0.9621477320568889,1.5799050110667285,-1.227215062478996,1585713600.0,2020-04-01 04:00:00,-8.955335,-1.6352103
515,0.9621477320568889,1.5799050110667285,-1.3555266123518726,1585717200.0,2020-04-01 05:00:00,-8.842337,-1.3277048
516,1.846710398322614,2.2118670154934197,-1.6121497120976243,1585720800.0,2020-04-01 06:00:00,-8.618584,-1.077522
517,1.846710398322614,1.9748812638334106,-1.7725391494387193,1585724400.0,2020-04-01 07:00:00,-8.171283,-0.71705145
518,1.172757890691585,1.3824168846833875,-1.9008506993115954,1585728000.0,2020-04-01 08:00:00,-7.9583426,-0.6313383
519,1.4254900810532212,1.3824168846833875,-1.9650064742480333,1585731600.0,2020-04-01 09:00:00,-7.6748934,-0.4935051
520,1.4254900810532212,1.5799050110667285,-1.9329285867798145,1585735200.0,2020-04-01 10:00:00,-7.291978,-0.28066498
521,1.172757890691585,1.1849287583000465,-1.9650064742480333,1585738800.0,2020-04-01 11:00:00,-7.0473194,-0.4192607
522,1.172757890691585,1.1849287583000465,-1.9970843617162528,1585742400.0,2020-04-01 12:00:00,-6.6663127,-0.4703123
523,1.172757890691585,1.1849287583000465,-1.9008506993115954,1585746000.0,2020-04-01 13:00:00,-6.4382534,-0.79534227
524,0.9621477320568889,0.7899525055333645,-1.8366949243751578,1585749600.0,2020-04-01 14:00:00,-6.1271143,-0.69154084
525,0.5409274147874961,0.5529667538733547,-1.6763054870340626,1585753200.0,2020-04-01 15:00:00,-5.770602,-1.1024568
526,0.5409274147874961,0.5529667538733547,-1.6121497120976243,1585756800.0,2020-04-01 16:00:00,-5.641912,-1.049756
527,0.3303172561527996,0.35547862749001397,-1.6121497120976243,1585760400.0,2020-04-01 17:00:00,-5.28336,-1.2502998
528,0.3303172561527996,0.35547862749001397,-1.3555266123518726,1585764000.0,2020-04-01 18:00:00,-5.0131598,-1.3954289
529,-0.13302509284353276,-0.039497625276668065,-1.1951371750107775,1585767600.0,2020-04-01 19:00:00,-4.7042418,-1.3842385
530,-0.5542454101129256,-0.43447387804335014,-1.066825625137901,1585771200.0,2020-04-01 20:00:00,-4.3450637,-1.3031938
531,-0.9754657273823183,-0.6714596297033596,-0.842280412860368,1585774800.0,2020-04-01 21:00:00,-4.218817,-1.2371382
532,-1.1860758860170146,-0.8689477560867006,-0.7460467504557108,1585778400.0,2020-04-01 22:00:00,-3.8431673,-0.9527515
533,-0.7648555687476218,-0.6714596297033596,-0.42526787577352065,1585782000.0,2020-04-01 23:00:00,-3.4756312,-0.869333
534,-0.7648555687476218,-0.6714596297033596,-0.45734576324174014,1585785600.0,2020-04-02 00:00:00,-3.2197497,-0.74073005
535,-0.5542454101129256,-0.43447387804335014,-0.45734576324174014,1585789200.0,2020-04-02 01:00:00,-2.9675472,-1.0719233
536,-0.7648555687476218,-0.6714596297033596,-0.42526787577352065,1585792800.0,2020-04-02 02:00:00,-2.7738235,-1.2852705
537,-0.7648555687476218,-0.6714596297033596,-0.26487843843242564,1585796400.0,2020-04-02 03:00:00,-2.6504521,-1.546514
538,-0.5542454101129256,-0.6714596297033596,-0.2969563259006451,1585800000.0,2020-04-02 04:00:00,-2.4900806,-1.8894318
539,-0.34363525147822915,-0.43447387804335014,-0.42526787577352065,1585803600.0,2020-04-02 05:00:00,-2.415225,-2.1582325
540,-0.13302509284353276,-0.039497625276668065,-0.32903421336886457,1585807200.0,2020-04-02 06:00:00,-2.3620746,-2.4094415
541,-0.34363525147822915,-0.43447387804335014,-0.42526787577352065,1585810800.0,2020-04-02 07:00:00,-2.2721543,-2.686557
542,-0.13302509284353276,-0.039497625276668065,-0.3611121008370829,1585814400.0,2020-04-02 08:00:00,-2.0897384,-2.940447
543,-0.34363525147822915,-0.039497625276668065,-0.39318998830530233,1585818000.0,2020-04-02 09:00:00,-1.9773333,-3.1400087
544,-0.13302509284353276,-0.039497625276668065,-0.32903421336886457,1585821600.0,2020-04-02 10:00:00,-1.7854537,-3.34502
545,-0.34363525147822915,-0.039497625276668065,-0.26487843843242564,1585825200.0,2020-04-02 11:00:00,-1.5353174,-3.6353798
546,-0.13302509284353276,-0.2369857516600091,-0.26487843843242564,1585828800.0,2020-04-02 12:00:00,-1.3454657,-3.7635834
547,0.3303172561527996,0.15799050110667295,-0.2969563259006451,1585832400.0,2020-04-02 13:00:00,-1.0853988,-3.826221
548,0.3303172561527996,0.15799050110667295,-0.32903421336886457,1585836000.0,2020-04-02 14:00:00,-0.6153264,-3.9032958
549,0.5409274147874961,0.35547862749001397,-0.32903421336886457,1585839600.0,2020-04-02 15:00:00,-0.48024446,-3.9710479
550,0.3303172561527996,0.15799050110667295,-0.26487843843242564,1585843200.0,2020-04-02 16:00:00,-0.0787207,-3.7744832
551,1.172757890691585,0.9874406319167055,-0.2969563259006451,1585846800.0,2020-04-02 17:00:00,0.30109996,-3.6381836
552,0.9621477320568889,0.9874406319167055,-0.32903421336886457,1585850400.0,2020-04-02 18:00:00,0.6313796,-3.4473846
553,1.172757890691585,0.9874406319167055,-0.2969563259006451,1585854000.0,2020-04-02 19:00:00,0.8943696,-3.263487
554,1.172757890691585,0.9874406319167055,-0.1686447760277695,1585857600.0,2020-04-02 20:00:00,0.85336715,-3.135736
555,0.7515375734221924,0.7899525055333645,-0.1044890010913306,1585861200.0,2020-04-02 21:00:00,1.0718818,-2.9137676
556,0.11970709751810318,0.15799050110667295,0.023822548781544984,1585864800.0,2020-04-02 22:00:00,0.8999395,-2.7637057
557,0.3303172561527996,0.35547862749001397,0.023822548781544984,1585868400.0,2020-04-02 23:00:00,0.61510307,-2.4147463
558,0.3303172561527996,0.15799050110667295,0.023822548781544984,1585872000.0,2020-04-03 00:00:00,0.35967222,-2.1218548
559,0.9621477320568889,0.7899525055333645,0.05590043624976445,1585875600.0,2020-04-03 01:00:00,0.024520129,-1.7532345
560,1.846710398322614,1.7773931374500695,0.12005621118620223,1585879200.0,2020-04-03 02:00:00,-0.104664154,-1.5631557
561,0.7515375734221924,0.5529667538733547,0.18421198612264003,1585882800.0,2020-04-03 03:00:00,-0.13352059,-1.3644246
562,1.172757890691585,1.1849287583000465,0.24836776105907782,1585886400.0,2020-04-03 04:00:00,-0.31423435,-1.101781
563,0.7515375734221924,0.5529667538733547,0.2162898735908595,1585890000.0,2020-04-03 05:00:00,-0.40507853,-0.699027
564,0.3303172561527996,-0.039497625276668065,0.24836776105907782,1585893600.0,2020-04-03 06:00:00,-0.52673525,-0.42255047
565,-0.13302509284353276,-0.2369857516600091,0.023822548781544984,1585897200.0,2020-04-03 07:00:00,-0.25036338,-0.2561441
566,0.5409274147874961,0.15799050110667295,-0.23280055096420732,1585900800.0,2020-04-03 08:00:00,0.23028973,-0.3142786
567,0.5409274147874961,0.35547862749001397,-0.32903421336886457,1585904400.0,2020-04-03 09:00:00,0.50018674,-0.0716298
568,0.7515375734221924,0.5529667538733547,-0.32903421336886457,1585908000.0,2020-04-03 10:00:00,0.76868504,-0.17938164
569,0.5409274147874961,0.35547862749001397,-0.2969563259006451,1585911600.0,2020-04-03 11:00:00,1.039566,-0.28894183
570,0.9621477320568889,0.7899525055333645,-0.26487843843242564,1585915200.0,2020-04-03 12:00:00,1.2366092,-0.30738238
571,0.9621477320568889,0.7899525055333645,-0.23280055096420732,1585918800.0,2020-04-03 13:00:00,1.5070109,-0.40724182
572,0.9621477320568889,0.9874406319167055,-0.26487843843242564,1585922400.0,2020-04-03 14:00:00,1.7428814,-0.51338774
573,0.7515375734221924,0.7899525055333645,-0.1686447760277695,1585926000.0,2020-04-03 15:00:00,2.0660205,-0.63437897
574,0.7515375734221924,0.5529667538733547,-0.1686447760277695,1585929600.0,2020-04-03 16:00:00,2.4497573,-0.65002024
575,1.172757890691585,1.1849287583000465,-0.13656688855955004,1585933200.0,2020-04-03 17:00:00,2.7624922,-0.58433235
576,0.9621477320568889,0.9874406319167055,0.05590043624976445,1585936800.0,2020-04-03 18:00:00,3.0149982,-0.4101239
577,0.7515375734221924,0.7899525055333645,0.18421198612264003,1585940400.0,2020-04-03 19:00:00,3.0504272,-0.22104879
578,0.3303172561527996,0.15799050110667295,0.3125235359955156,1585944000.0,2020-04-03 20:00:00,3.1474109,0.17893676
579,0.5409274147874961,0.5529667538733547,0.3125235359955156,1585947600.0,2020-04-03 21:00:00,2.9725637,0.48594582
580,0.7515375734221924,0.5529667538733547,0.3125235359955156,1585951200.0,2020-04-03 22:00:00,2.8738768,0.7241957
581,0.7515375734221924,0.5529667538733547,0.34460142346373507,1585954800.0,2020-04-03 23:00:00,2.6028662,0.9907149
582,0.7515375734221924,0.7899525055333645,0.28044564852729725,1585958400.0,2020-04-04 00:00:00,2.3095462,1.2657531
583,0.9621477320568889,0.7899525055333645,0.24836776105907782,1585962000.0,2020-04-04 01:00:00,2.027905,1.5203965
584,0.5409274147874961,0.5529667538733547,0.24836776105907782,1585965600.0,2020-04-04 02:00:00,1.8220452,1.7067729
585,0.3303172561527996,-0.039497625276668065,0.28044564852729725,1585969200.0,2020-04-04 03:00:00,1.5959827,1.9196707
586,-0.13302509284353276,-0.2369857516600091,0.023822548781544984,1585972800.0,2020-04-04 04:00:00,1.3718349,2.1459138
587,0.11970709751810318,-0.039497625276668065,-0.07241111362311227,1585976400.0,2020-04-04 05:00:00,1.1635666,2.3854089
588,0.11970709751810318,-0.039497625276668065,-0.0403332261548928,1585980000.0,2020-04-04 06:00:00,0.90136886,2.6702473
589,-0.5542454101129256,-0.8689477560867006,-0.1044890010913306,1585983600.0,2020-04-04 07:00:00,0.66307557,2.9163105
590,-0.5542454101129256,-0.6714596297033596,-0.20072266349598783,1585987200.0,2020-04-04 08:00:00,0.3872404,3.2062948
591,0.11970709751810318,-0.039497625276668065,-0.26487843843242564,1585990800.0,2020-04-04 09:00:00,0.30130178,3.3141546
592,-0.5542454101129256,-0.8689477560867006,-0.26487843843242564,1585994400.0,2020-04-04 10:00:00,0.15436585,3.5431406
593,-0.34363525147822915,-0.6714596297033596,-0.2969563259006451,1585998000.0,2020-04-04 11:00:00,-0.12593281,3.749948
594,0.3303172561527996,0.15799050110667295,-0.32903421336886457,1586001600.0,2020-04-04 12:00:00,-0.31738716,3.8870552
595,0.5409274147874961,0.35547862749001397,-0.26487843843242564,1586005200.0,2020-04-04 13:00:00,-0.58415055,3.9758134
596,0.7515375734221924,0.5529667538733547,-0.32903421336886457,1586008800.0,2020-04-04 14:00:00,-0.87668604,4.0663185
597,0.5409274147874961,0.15799050110667295,-0.2969563259006451,1586012400.0,2020-04-04 15:00:00,-1.1592407,4.2615557
598,-0.13302509284353276,-0.039497625276668065,-0.23280055096420732,1586016000.0,2020-04-04 16:00:00,-1.4344727,4.157623
599,0.11970709751810318,-0.039497625276668065,-0.23280055096420732,1586019600.0,2020-04-04 17:00:00,-1.8632462,4.382583
600,0.3303172561527996,0.15799050110667295,-0.1686447760277695,1586023200.0,2020-04-04 18:00:00,-2.1870098,4.588289
601,0.3303172561527996,0.35547862749001397,-0.13656688855955004,1586026800.0,2020-04-04 19:00:00,-2.4066794,4.739973
602,1.4254900810532212,1.1849287583000465,-0.3611121008370829,1586030400.0,2020-04-04 20:00:00,-2.804279,4.830564
603,0.9621477320568889,0.9874406319167055,-0.4894236507099596,1586034000.0,2020-04-04 21:00:00,-3.1448767,4.7863083
604,2.0573205569573103,1.9748812638334106,-1.002669850201463,1586037600.0,2020-04-04 22:00:00,-3.5516033,4.815429
605,1.4254900810532212,1.1849287583000465,-1.227215062478996,1586041200.0,2020-04-04 23:00:00,-3.9025836,4.7400327
606,1.6361002396879176,1.5799050110667285,-1.323448724883653,1586044800.0,2020-04-05 00:00:00,-4.146978,4.733801
607,2.478540874226703,2.8043313946434427,-1.4196823872883104,1586048400.0,2020-04-05 01:00:00,-4.3505917,4.7512703
608,2.478540874226703,2.6068432682601017,-1.163059287542558,1586052000.0,2020-04-05 02:00:00,-4.6115847,4.695883
609,1.846710398322614,2.2118670154934197,-1.066825625137901,1586055600.0,2020-04-05 03:00:00,-4.954103,4.6432586
610,0.7515375734221924,0.9874406319167055,-1.163059287542558,1586059200.0,2020-04-05 04:00:00,-5.284365,4.5637727
611,-0.13302509284353276,-0.2369857516600091,-1.227215062478996,1586062800.0,2020-04-05 05:00:00,-5.556243,4.4647684
612,0.5409274147874961,0.5529667538733547,-1.0989035126061204,1586066400.0,2020-04-05 06:00:00,-5.8788056,4.1593146
613,1.4254900810532212,1.3824168846833875,-1.227215062478996,1586070000.0,2020-04-05 07:00:00,-6.241711,3.8561237
614,3.5737136991271248,3.8312696518368154,-1.002669850201463,1586073600.0,2020-04-05 08:00:00,-6.345794,3.561988
615,1.4254900810532212,1.3824168846833875,-0.8743583003285874,1586077200.0,2020-04-05 09:00:00,-6.523172,3.27532
616,0.3303172561527996,0.15799050110667295,-1.227215062478996,1586080800.0,2020-04-05 10:00:00,-6.543327,3.0321782
617,0.7515375734221924,0.5529667538733547,-1.1309814000743397,1586084400.0,2020-04-05 11:00:00,-6.492958,2.5584803
618,0.5409274147874961,0.15799050110667295,-1.1309814000743397,1586088000.0,2020-04-05 12:00:00,-6.396385,2.2511148
619,0.7515375734221924,0.5529667538733547,-1.0989035126061204,1586091600.0,2020-04-05 13:00:00,-6.2853394,2.0119646
620,0.11970709751810318,-0.039497625276668065,-0.9385140752650253,1586095200.0,2020-04-05 14:00:00,-5.918475,1.9892765
621,-0.34363525147822915,-0.43447387804335014,-0.6818909755192729,1586098800.0,2020-04-05 15:00:00,-5.622249,1.8655926
622,0.3303172561527996,0.15799050110667295,-0.45734576324174014,1586102400.0,2020-04-05 16:00:00,-5.2344837,1.8204149
623,-0.34363525147822915,-0.6714596297033596,-0.26487843843242564,1586106000.0,2020-04-05 17:00:00,-4.9618177,1.8324151
624,-0.7648555687476218,-1.0664358824700415,-0.23280055096420732,1586109600.0,2020-04-05 18:00:00,-4.577121,1.8832345
625,-0.13302509284353276,-0.2369857516600091,-0.008255338686674479,1586113200.0,2020-04-05 19:00:00,-4.325991,1.9634123
626,-0.13302509284353276,-0.2369857516600091,0.18421198612264003,1586116800.0,2020-04-05 20:00:00,-3.9661481,2.1404517
627,-0.34363525147822915,-0.43447387804335014,0.24836776105907782,1586120400.0,2020-04-05 21:00:00,-3.7361526,2.3144207
628,0.3303172561527996,-0.039497625276668065,0.34460142346373507,1586124000.0,2020-04-05 22:00:00,-3.4755511,2.460234
629,0.3303172561527996,0.15799050110667295,0.28044564852729725,1586127600.0,2020-04-05 23:00:00,-3.2414596,2.610585
630,0.7515375734221924,0.35547862749001397,0.2162898735908595,1586131200.0,2020-04-06 00:00:00,-2.9954312,2.588674
631,0.5409274147874961,0.35547862749001397,0.2162898735908595,1586134800.0,2020-04-06 01:00:00,-2.7175624,2.863178
632,0.5409274147874961,0.35547862749001397,0.2162898735908595,1586138400.0,2020-04-06 02:00:00,-2.4603546,3.0597732
633,0.3303172561527996,0.15799050110667295,0.2162898735908595,1586142000.0,2020-04-06 03:00:00,-2.3969991,3.2927527
634,0.5409274147874961,0.15799050110667295,0.12005621118620223,1586145600.0,2020-04-06 04:00:00,-2.2165263,3.5711713
635,-0.13302509284353276,-0.43447387804335014,0.12005621118620223,1586149200.0,2020-04-06 05:00:00,-2.146968,3.9081366
636,0.11970709751810318,-0.2369857516600091,0.08797832371798277,1586152800.0,2020-04-06 06:00:00,-2.0840423,4.3167396
637,-0.5542454101129256,-0.6714596297033596,-0.1686447760277695,1586156400.0,2020-04-06 07:00:00,-1.7053672,4.565668
638,-0.13302509284353276,-0.43447387804335014,-0.26487843843242564,1586160000.0,2020-04-06 08:00:00,-1.646621,5.0237083
639,-0.5542454101129256,-0.6714596297033596,-0.3611121008370829,1586163600.0,2020-04-06 09:00:00,-1.5010259,5.374334
640,-0.13302509284353276,-0.2369857516600091,-0.39318998830530233,1586167200.0,2020-04-06 10:00:00,-1.3604548,5.594016
641,0.5409274147874961,1.1849287583000465,-0.42526787577352065,1586170800.0,2020-04-06 11:00:00,-1.1995461,5.9334836
642,0.5409274147874961,0.35547862749001397,-0.32903421336886457,1586174400.0,2020-04-06 12:00:00,-1.019441,6.226092
643,0.5409274147874961,0.35547862749001397,-0.32903421336886457,1586178000.0,2020-04-06 13:00:00,-1.0358963,6.564429
644,0.5409274147874961,0.5529667538733547,-0.32903421336886457,1586181600.0,2020-04-06 14:00:00,-1.1568483,6.809531
645,0.3303172561527996,0.15799050110667295,-0.3611121008370829,1586185200.0,2020-04-06 15:00:00,-1.2778823,7.06654
646,0.7515375734221924,0.5529667538733547,-0.26487843843242564,1586188800.0,2020-04-06 16:00:00,-1.6489246,7.1289945
647,0.5409274147874961,0.35547862749001397,-0.07241111362311227,1586192400.0,2020-04-06 17:00:00,-1.9291167,7.1860285
648,0.7515375734221924,0.5529667538733547,0.023822548781544984,1586196000.0,2020-04-06 18:00:00,-2.2339225,7.1760907
649,0.9621477320568889,0.7899525055333645,0.12005621118620223,1586199600.0,2020-04-06 19:00:00,-2.578645,7.125674
650,0.9621477320568889,0.7899525055333645,0.12005621118620223,1586203200.0,2020-04-06 20:00:00,-2.8942263,7.0763535
651,0.5409274147874961,0.35547862749001397,0.08797832371798277,1586206800.0,2020-04-06 21:00:00,-3.075228,6.9751453
652,0.5409274147874961,0.35547862749001397,0.12005621118620223,1586210400.0,2020-04-06 22:00:00,-3.384666,6.999786
653,0.7515375734221924,0.5529667538733547,0.18421198612264003,1586214000.0,2020-04-06 23:00:00,-3.5316536,6.850507
654,0.5409274147874961,0.35547862749001397,0.18421198612264003,1586217600.0,2020-04-07 00:00:00,-3.8806787,6.931737
655,-0.13302509284353276,-0.2369857516600091,0.08797832371798277,1586221200.0,2020-04-07 01:00:00,-4.151947,6.998892
656,0.5409274147874961,0.35547862749001397,0.12005621118620223,1586224800.0,2020-04-07 02:00:00,-4.556201,6.983146
657,0.11970709751810318,-0.039497625276668065,0.05590043624976445,1586228400.0,2020-04-07 03:00:00,-4.919019,6.99679
658,0.3303172561527996,0.15799050110667295,0.05590043624976445,1586232000.0,2020-04-07 04:00:00,-5.254964,7.0059743
659,-0.13302509284353276,-0.43447387804335014,0.08797832371798277,1586235600.0,2020-04-07 05:00:00,-5.664455,7.016007
660,-0.13302509284353276,-0.43447387804335014,0.023822548781544984,1586239200.0,2020-04-07 06:00:00,-6.125811,7.2096505
661,0.11970709751810318,-0.2369857516600091,0.05590043624976445,1586242800.0,2020-04-07 07:00:00,-6.639354,7.2606087
662,0.3303172561527996,-0.039497625276668065,0.15213409865442057,1586246400.0,2020-04-07 08:00:00,-7.047986,7.476896
663,-0.13302509284353276,-0.6714596297033596,0.18421198612264003,1586250000.0,2020-04-07 09:00:00,-7.406054,7.465731
664,-0.13302509284353276,-0.43447387804335014,0.18421198612264003,1586253600.0,2020-04-07 10:00:00,-7.8157206,7.544952
665,-0.34363525147822915,-0.6714596297033596,0.2162898735908595,1586257200.0,2020-04-07 11:00:00,-8.309153,7.517888
666,-0.34363525147822915,-0.6714596297033596,0.28044564852729725,1586260800.0,2020-04-07 12:00:00,-8.639368,7.479834
667,-0.7648555687476218,-1.0664358824700415,0.28044564852729725,1586264400.0,2020-04-07 13:00:00,-9.093656,7.362668
668,-0.9754657273823183,-1.2639240088533825,0.3766793109319545,1586268000.0,2020-04-07 14:00:00,-9.386648,7.2980394
669,-0.5542454101129256,-0.6714596297033596,0.6974581856141446,1586271600.0,2020-04-07 15:00:00,-9.788112,7.042029
670,-1.6494182350133468,-1.4614121352367235,0.9220033978916774,1586275200.0,2020-04-07 16:00:00,-10.0874405,6.874097
671,-1.396686044651711,-1.2639240088533825,0.9861591728281153,1586278800.0,2020-04-07 17:00:00,-10.356015,6.6649184
672,-1.1860758860170146,-1.0664358824700415,1.0182370602963347,1586282400.0,2020-04-07 18:00:00,-10.60539,6.4824347
673,-1.6494182350133468,-1.4614121352367235,1.0823928352327725,1586286000.0,2020-04-07 19:00:00,-10.638712,6.494001
674,-1.8600283936480433,-1.8563883880034053,1.4031717099149625,1586289600.0,2020-04-07 20:00:00,-10.795751,6.1137567
675,-1.8600283936480433,-1.8563883880034053,1.4031717099149625,1586293200.0,2020-04-07 21:00:00,-10.812061,5.839748
676,-1.8600283936480433,-1.8563883880034053,1.3390159349785247,1586296800.0,2020-04-07 22:00:00,-10.805468,5.417166
677,-1.8600283936480433,-1.6589002616200643,1.1786264976374297,1586300400.0,2020-04-07 23:00:00,-10.600642,5.2626386
678,-1.8600283936480433,-2.093374139663415,1.0182370602963347,1586304000.0,2020-04-08 00:00:00,-10.307057,5.1095114
679,-1.6494182350133468,-1.6589002616200643,0.7936918480188008,1586307600.0,2020-04-08 01:00:00,-10.012247,5.1446795
680,-1.6494182350133468,-1.4614121352367235,0.6974581856141446,1586311200.0,2020-04-08 02:00:00,-9.713597,5.0031295
681,-0.7648555687476218,-0.6714596297033596,0.7295360730823629,1586314800.0,2020-04-08 03:00:00,-9.343911,4.865572
682,-1.396686044651711,-1.0664358824700415,0.6974581856141446,1586318400.0,2020-04-08 04:00:00,-8.979781,5.0070887
683,-1.6494182350133468,-1.8563883880034053,0.7295360730823629,1586322000.0,2020-04-08 05:00:00,-8.831996,5.0333242
684,-1.6494182350133468,-1.8563883880034053,0.7295360730823629,1586325600.0,2020-04-08 06:00:00,-8.540744,4.8455396
685,-1.6494182350133468,-1.6589002616200643,0.6974581856141446,1586329200.0,2020-04-08 07:00:00,-8.251477,5.174188
686,-1.1860758860170146,-1.4614121352367235,0.6333024106777057,1586332800.0,2020-04-08 08:00:00,-8.100958,5.3583775
687,-1.1860758860170146,-1.2639240088533825,0.6333024106777057,1586336400.0,2020-04-08 09:00:00,-7.6804137,5.745698
688,-1.1860758860170146,-1.2639240088533825,0.6333024106777057,1586340000.0,2020-04-08 10:00:00,-7.482002,5.9734316
689,-1.396686044651711,-1.4614121352367235,0.6653802981459251,1586343600.0,2020-04-08 11:00:00,-7.1548495,6.3067284
690,-1.6494182350133468,-1.6589002616200643,0.6333024106777057,1586347200.0,2020-04-08 12:00:00,-6.9081755,6.5567913
691,-1.396686044651711,-1.2639240088533825,0.6653802981459251,1586350800.0,2020-04-08 13:00:00,-6.5129867,6.8613367
692,-1.6494182350133468,-1.6589002616200643,0.7295360730823629,1586354400.0,2020-04-08 14:00:00,-6.3943458,7.37712
693,-1.8600283936480433,-1.8563883880034053,0.7936918480188008,1586358000.0,2020-04-08 15:00:00,-6.2573104,7.7409587
694,-1.6494182350133468,-1.6589002616200643,1.114470722700991,1586361600.0,2020-04-08 16:00:00,-6.0364227,8.062845
695,-1.396686044651711,-1.4614121352367235,1.1786264976374297,1586365200.0,2020-04-08 17:00:00,-5.7640586,8.378372
696,-1.396686044651711,-1.2639240088533825,1.4673274848514004,1586368800.0,2020-04-08 18:00:00,-5.444091,8.619239
697,-1.6494182350133468,-1.4614121352367235,1.4031717099149625,1586372400.0,2020-04-08 19:00:00,-5.2331405,8.653396
698,-1.396686044651711,-1.4614121352367235,1.4031717099149625,1586376000.0,2020-04-08 20:00:00,-4.9000897,8.869318
699,-1.1860758860170146,-1.2639240088533825,1.210704385105648,1586379600.0,2020-04-08 21:00:00,-4.5265913,9.041046
700,-1.396686044651711,-1.2639240088533825,1.210704385105648,1586383200.0,2020-04-08 22:00:00,-4.184053,9.181744
701,-1.1860758860170146,-0.8689477560867006,1.210704385105648,1586386800.0,2020-04-08 23:00:00,-3.7733607,9.297616
702,-1.1860758860170146,-1.0664358824700415,1.0823928352327725,1586390400.0,2020-04-09 00:00:00,-3.3872902,9.377438
703,-1.1860758860170146,-0.8689477560867006,0.9861591728281153,1586394000.0,2020-04-09 01:00:00,-3.0879087,9.537954
704,-1.396686044651711,-0.8689477560867006,0.9540812853598958,1586397600.0,2020-04-09 02:00:00,-2.739821,9.665925
705,-1.6494182350133468,-1.6589002616200643,0.9220033978916774,1586401200.0,2020-04-09 03:00:00,-2.4046881,9.897617
706,-1.6494182350133468,-1.6589002616200643,0.8578476229552396,1586404800.0,2020-04-09 04:00:00,-2.0840988,10.12591
707,-1.1860758860170146,-1.2639240088533825,0.7936918480188008,1586408400.0,2020-04-09 05:00:00,-1.9344685,10.296231
708,-1.396686044651711,-1.2639240088533825,0.7616139605505824,1586412000.0,2020-04-09 06:00:00,-1.727926,10.615146
709,-0.9754657273823183,-0.039497625276668065,0.8257697354870202,1586415600.0,2020-04-09 07:00:00,-1.6809022,10.99489
710,0.3303172561527996,0.35547862749001397,0.7616139605505824,1586419200.0,2020-04-09 08:00:00,-1.8898735,11.317753
711,0.3303172561527996,0.15799050110667295,0.7936918480188008,1586422800.0,2020-04-09 09:00:00,-2.0028138,11.477143
712,0.11970709751810318,-0.039497625276668065,0.7936918480188008,1586426400.0,2020-04-09 10:00:00,-2.2760558,11.78975
713,-0.13302509284353276,-0.2369857516600091,0.7616139605505824,1586430000.0,2020-04-09 11:00:00,-2.586802,12.076627
714,-0.5542454101129256,-0.6714596297033596,0.7295360730823629,1586433600.0,2020-04-09 12:00:00,-2.8891532,12.043033
715,-0.5542454101129256,-0.43447387804335014,0.6653802981459251,1586437200.0,2020-04-09 13:00:00,-3.1152973,12.076832
716,-0.34363525147822915,-0.43447387804335014,0.7295360730823629,1586440800.0,2020-04-09 14:00:00,-3.5288963,12.083506
717,-0.5542454101129256,-0.6714596297033596,0.889925510423458,1586444400.0,2020-04-09 15:00:00,-3.7263727,12.107035
718,-1.396686044651711,-0.8689477560867006,1.2427822725738675,1586448000.0,2020-04-09 16:00:00,-4.2084775,12.109309
719,-1.1860758860170146,-1.0664358824700415,0.9540812853598958,1586451600.0,2020-04-09 17:00:00,-4.5150914,12.095984
720,-1.1860758860170146,-0.8689477560867006,1.2427822725738675,1586455200.0,2020-04-09 18:00:00,-4.7023315,11.777176
721,-0.9754657273823183,-0.6714596297033596,1.1465486101692102,1586458800.0,2020-04-09 19:00:00,-4.8470535,11.84712
722,-1.396686044651711,-0.8689477560867006,1.5635611472560575,1586462400.0,2020-04-09 20:00:00,-5.0960665,11.637328
723,-1.396686044651711,-1.2639240088533825,1.3390159349785247,1586466000.0,2020-04-09 21:00:00,-5.3512745,11.405955
724,-1.6494182350133468,-1.2639240088533825,1.2427822725738675,1586469600.0,2020-04-09 22:00:00,-5.7683434,11.2696705
725,-0.9754657273823183,-1.0664358824700415,1.2427822725738675,1586473200.0,2020-04-09 23:00:00,-6.0712194,11.067385
726,-1.396686044651711,-1.0664358824700415,1.1465486101692102,1586476800.0,2020-04-10 00:00:00,-6.4802136,11.114639
727,-1.396686044651711,-1.0664358824700415,1.0823928352327725,1586480400.0,2020-04-10 01:00:00,-6.781282,11.234724
728,-0.34363525147822915,0.35547862749001397,1.1465486101692102,1586484000.0,2020-04-10 02:00:00,-7.065386,11.284758
729,1.172757890691585,1.9748812638334106,0.9861591728281153,1586487600.0,2020-04-10 03:00:00,-7.3724217,11.483956
730,0.9621477320568889,1.5799050110667285,0.3125235359955156,1586491200.0,2020-04-10 04:00:00,-7.7119265,11.753182
731,0.7515375734221924,0.7899525055333645,0.28044564852729725,1586494800.0,2020-04-10 05:00:00,-7.9139495,12.1014805
732,0.7515375734221924,0.9874406319167055,0.2162898735908595,1586498400.0,2020-04-10 06:00:00,-7.952556,12.439519
733,-0.13302509284353276,0.15799050110667295,0.12005621118620223,1586502000.0,2020-04-10 07:00:00,-7.8208356,12.834647
734,-0.7648555687476218,-0.039497625276668065,0.15213409865442057,1586505600.0,2020-04-10 08:00:00,-7.6379414,13.123727
735,1.4254900810532212,1.1849287583000465,-0.0403332261548928,1586509200.0,2020-04-10 09:00:00,-7.5560713,13.338787
736,1.172757890691585,1.1849287583000465,-0.13656688855955004,1586512800.0,2020-04-10 10:00:00,-7.4124885,13.510349
737,0.11970709751810318,-0.039497625276668065,-0.1686447760277695,1586516400.0,2020-04-10 11:00:00,-7.1190233,13.844008
738,0.3303172561527996,0.15799050110667295,-0.26487843843242564,1586520000.0,2020-04-10 12:00:00,-7.2352924,13.729831
739,0.11970709751810318,0.15799050110667295,-0.45734576324174014,1586523600.0,2020-04-10 13:00:00,-6.9017177,14.064232
740,-0.7648555687476218,-0.6714596297033596,-0.42526787577352065,1586527200.0,2020-04-10 14:00:00,-6.697092,14.19614
741,1.172757890691585,1.5799050110667285,-0.42526787577352065,1586530800.0,2020-04-10 15:00:00,-6.4168687,14.396213
742,2.2679307155920068,2.2118670154934197,-0.23280055096420732,1586534400.0,2020-04-10 16:00:00,-6.2521896,14.500492
743,2.0573205569573103,1.9748812638334106,-0.23280055096420732,1586538000.0,2020-04-10 17:00:00,-5.933018,14.727592
744,1.6361002396879176,1.7773931374500695,-0.23280055096420732,1586541600.0,2020-04-10 18:00:00,-5.643938,14.619255
745,1.172757890691585,1.1849287583000465,-0.23280055096420732,1586545200.0,2020-04-10 19:00:00,-5.366561,14.626226
746,0.9621477320568889,1.1849287583000465,-0.1044890010913306,1586548800.0,2020-04-10 20:00:00,-5.138992,14.571276
747,0.9621477320568889,0.9874406319167055,0.023822548781544984,1586552400.0,2020-04-10 21:00:00,-4.8985577,14.571455
748,0.5409274147874961,0.5529667538733547,0.08797832371798277,1586556000.0,2020-04-10 22:00:00,-4.6289105,14.472459
749,0.5409274147874961,0.5529667538733547,0.05590043624976445,1586559600.0,2020-04-10 23:00:00,-4.3691897,14.643779
750,0.5409274147874961,0.35547862749001397,0.023822548781544984,1586563200.0,2020-04-11 00:00:00,-4.090426,14.719142
751,0.5409274147874961,0.35547862749001397,0.023822548781544984,1586566800.0,2020-04-11 01:00:00,-3.7323198,15.003623
752,0.5409274147874961,0.35547862749001397,-0.0403332261548928,1586570400.0,2020-04-11 02:00:00,-3.4323978,15.271236
753,0.11970709751810318,-0.039497625276668065,0.023822548781544984,1586574000.0,2020-04-11 03:00:00,-3.1084332,15.654391
754,0.3303172561527996,0.15799050110667295,-0.20072266349598783,1586577600.0,2020-04-11 04:00:00,-2.8959596,15.857941
755,0.5409274147874961,0.35547862749001397,-0.1686447760277695,1586581200.0,2020-04-11 05:00:00,-2.5711448,16.131775
756,0.3303172561527996,0.15799050110667295,-0.1686447760277695,1586584800.0,2020-04-11 06:00:00,-2.9084518,16.207458
757,0.7515375734221924,0.5529667538733547,-0.20072266349598783,1586588400.0,2020-04-11 07:00:00,-2.9183154,16.480722
758,0.7515375734221924,0.5529667538733547,-0.23280055096420732,1586592000.0,2020-04-11 08:00:00,-2.900211,16.781527
759,1.172757890691585,0.9874406319167055,-0.2969563259006451,1586595600.0,2020-04-11 09:00:00,-2.9023848,17.128807
760,1.4254900810532212,1.1849287583000465,-0.39318998830530233,1586599200.0,2020-04-11 10:00:00,-2.8084166,17.40384
761,1.4254900810532212,1.1849287583000465,-0.45734576324174014,1586602800.0,2020-04-11 11:00:00,-2.7609653,17.721762
762,1.4254900810532212,1.1849287583000465,-0.4894236507099596,1586606400.0,2020-04-11 12:00:00,-2.8315248,18.00897
763,1.4254900810532212,1.3824168846833875,-0.5535794256463974,1586610000.0,2020-04-11 13:00:00,-2.8243852,18.371737
764,1.4254900810532212,1.3824168846833875,-0.5856573131146157,1586613600.0,2020-04-11 14:00:00,-2.9482162,18.755587
765,1.4254900810532212,1.1849287583000465,-0.5215015381781779,1586617200.0,2020-04-11 15:00:00,-3.1849768,19.056814
766,1.4254900810532212,1.1849287583000465,-0.4894236507099596,1586620800.0,2020-04-11 16:00:00,-3.2488096,19.607681
767,0.9621477320568889,0.9874406319167055,-0.3611121008370829,1586624400.0,2020-04-11 17:00:00,-3.2151432,20.036762
768,1.846710398322614,1.5799050110667285,0.12005621118620223,1586628000.0,2020-04-11 18:00:00,-3.1241028,20.489824
769,1.846710398322614,1.9748812638334106,0.15213409865442057,1586631600.0,2020-04-11 19:00:00,-2.9929218,20.788765
770,1.6361002396879176,1.5799050110667285,0.18421198612264003,1586635200.0,2020-04-11 20:00:00,-2.8688374,21.160196
771,1.4254900810532212,1.1849287583000465,0.2162898735908595,1586638800.0,2020-04-11 21:00:00,-2.6685233,21.447882
772,1.6361002396879176,1.5799050110667285,0.28044564852729725,1586642400.0,2020-04-11 22:00:00,-2.5134847,21.761395
773,1.172757890691585,0.9874406319167055,0.24836776105907782,1586646000.0,2020-04-11 23:00:00,-2.1618176,21.79161
774,1.4254900810532212,1.7773931374500695,0.3125235359955156,1586649600.0,2020-04-12 00:00:00,-1.7685382,21.911247
775,1.6361002396879176,1.5799050110667285,0.24836776105907782,1586653200.0,2020-04-12 01:00:00,-1.4275914,22.016964
776,2.0573205569573103,1.9748812638334106,0.24836776105907782,1586656800.0,2020-04-12 02:00:00,-1.2103615,22.011913
777,1.846710398322614,1.7773931374500695,0.15213409865442057,1586660400.0,2020-04-12 03:00:00,-0.89048105,21.846615
778,1.6361002396879176,1.7773931374500695,0.08797832371798277,1586664000.0,2020-04-12 04:00:00,-0.7626979,21.56343
779,1.172757890691585,1.1849287583000465,0.12005621118620223,1586667600.0,2020-04-12 05:00:00,-0.6456967,21.27449
780,0.7515375734221924,0.5529667538733547,0.2162898735908595,1586671200.0,2020-04-12 06:00:00,-0.70195824,20.969046
781,1.172757890691585,1.1849287583000465,0.4087571984001728,1586674800.0,2020-04-12 07:00:00,-0.7311569,20.609507
782,1.172757890691585,1.1849287583000465,0.4087571984001728,1586678400.0,2020-04-12 08:00:00,-0.8694958,20.258888
783,1.4254900810532212,1.3824168846833875,0.5049908608048301,1586682000.0,2020-04-12 09:00:00,-0.95891124,19.977613
784,1.846710398322614,1.7773931374500695,0.6012245232094874,1586685600.0,2020-04-12 10:00:00,-1.2499195,19.791452
785,0.9621477320568889,0.7899525055333645,0.6653802981459251,1586689200.0,2020-04-12 11:00:00,-1.4952432,19.710182
786,0.7515375734221924,0.35547862749001397,0.7295360730823629,1586692800.0,2020-04-12 12:00:00,-1.9172275,19.582186
787,1.4254900810532212,1.3824168846833875,1.114470722700991,1586696400.0,2020-04-12 13:00:00,-2.419488,19.565649
788,0.7515375734221924,0.7899525055333645,1.659794809660715,1586700000.0,2020-04-12 14:00:00,-2.8201897,19.469194
789,0.7515375734221924,0.7899525055333645,1.691872697128933,1586703600.0,2020-04-12 15:00:00,-3.2371228,19.437315
790,0.9621477320568889,1.3824168846833875,1.691872697128933,1586707200.0,2020-04-12 16:00:00,-3.6697087,19.344574
791,-0.13302509284353276,0.35547862749001397,1.1786264976374297,1586710800.0,2020-04-12 17:00:00,-4.0572157,19.161211
792,-1.1860758860170146,-0.6714596297033596,1.210704385105648,1586714400.0,2020-04-12 18:00:00,-4.4820957,19.062593
793,-0.7648555687476218,-0.039497625276668065,1.210704385105648,1586718000.0,2020-04-12 19:00:00,-4.8950047,18.907257
794,0.11970709751810318,0.5529667538733547,1.210704385105648,1586721600.0,2020-04-12 20:00:00,-5.233839,18.793434
795,-0.9754657273823183,-0.43447387804335014,1.1465486101692102,1586725200.0,2020-04-12 21:00:00,-5.6307893,18.58564
796,-0.9754657273823183,-0.43447387804335014,1.0823928352327725,1586728800.0,2020-04-12 22:00:00,-5.9967666,18.380716
797,-0.7648555687476218,-0.039497625276668065,1.0182370602963347,1586732400.0,2020-04-12 23:00:00,-6.358751,18.182781
798,0.11970709751810318,0.15799050110667295,1.0823928352327725,1586736000.0,2020-04-13 00:00:00,-6.7340326,17.968056
799,-0.5542454101129256,-0.039497625276668065,0.9861591728281153,1586739600.0,2020-04-13 01:00:00,-7.0467305,17.785551
800,-0.34363525147822915,0.5529667538733547,0.9861591728281153,1586743200.0,2020-04-13 02:00:00,-7.4292836,17.537071
801,1.6361002396879176,1.7773931374500695,0.9540812853598958,1586746800.0,2020-04-13 03:00:00,-7.7374125,17.349974
802,0.3303172561527996,0.35547862749001397,1.0823928352327725,1586750400.0,2020-04-13 04:00:00,-8.0353365,17.150421
803,-0.13302509284353276,-0.2369857516600091,0.9220033978916774,1586754000.0,2020-04-13 05:00:00,-8.18385,17.057657
804,-0.34363525147822915,-0.6714596297033596,0.9220033978916774,1586757600.0,2020-04-13 06:00:00,-8.427006,16.84453
805,-1.1860758860170146,-1.4614121352367235,0.7616139605505824,1586761200.0,2020-04-13 07:00:00,-8.63558,16.747158
806,-1.1860758860170146,-1.2639240088533825,0.6653802981459251,1586764800.0,2020-04-13 08:00:00,-8.89177,16.575693
807,-2.0706385522827397,-1.8563883880034053,0.7936918480188008,1586768400.0,2020-04-13 09:00:00,-9.231132,16.392008
808,-1.1860758860170146,-1.2639240088533825,0.9220033978916774,1586772000.0,2020-04-13 10:00:00,-9.531043,16.204575
809,-1.396686044651711,-1.2639240088533825,0.8578476229552396,1586775600.0,2020-04-13 11:00:00,-9.760099,16.088308
810,-0.7648555687476218,-0.8689477560867006,0.08797832371798277,1586779200.0,2020-04-13 12:00:00,-10.047177,15.842455
811,-0.9754657273823183,-0.8689477560867006,-0.1686447760277695,1586782800.0,2020-04-13 13:00:00,-10.414275,15.533757
812,-1.1860758860170146,-0.8689477560867006,-0.6177352005828352,1586786400.0,2020-04-13 14:00:00,-10.480059,15.474597
813,-0.7648555687476218,-0.2369857516600091,-0.7460467504557108,1586790000.0,2020-04-13 15:00:00,-10.778091,15.195972
814,-0.9754657273823183,-0.43447387804335014,-0.8743583003285874,1586793600.0,2020-04-13 16:00:00,-10.700263,15.269087
815,-0.34363525147822915,0.15799050110667295,-0.9064361877968058,1586797200.0,2020-04-13 17:00:00,-10.65895,15.308595
